file_path,speaker_id,emotion,label
data/raw/ravdess/Actor_01/03-01-05-01-02-01-01.wav,01,angry,1
data/raw/ravdess/Actor_01/03-01-06-01-02-02-01.wav,01,fearful,1
data/raw/ravdess/Actor_01/03-01-06-02-01-02-01.wav,01,fearful,1
data/raw/ravdess/Actor_01/03-01-05-02-01-01-01.wav,01,angry,1
data/raw/ravdess/Actor_01/03-01-07-01-01-01-01.wav,01,disgust,1
data/raw/ravdess/Actor_01/03-01-04-01-01-02-01.wav,01,sad,0
data/raw/ravdess/Actor_01/03-01-04-02-02-02-01.wav,01,sad,0
data/raw/ravdess/Actor_01/03-01-07-02-02-01-01.wav,01,disgust,1
data/raw/ravdess/Actor_01/03-01-03-02-02-02-01.wav,01,happy,0
data/raw/ravdess/Actor_01/03-01-03-01-01-02-01.wav,01,happy,0
data/raw/ravdess/Actor_01/03-01-02-02-01-01-01.wav,01,calm,0
data/raw/ravdess/Actor_01/03-01-01-01-02-02-01.wav,01,neutral,0
data/raw/ravdess/Actor_01/03-01-02-01-02-01-01.wav,01,calm,0
data/raw/ravdess/Actor_01/03-01-03-02-01-01-01.wav,01,happy,0
data/raw/ravdess/Actor_01/03-01-03-01-02-01-01.wav,01,happy,0
data/raw/ravdess/Actor_01/03-01-02-02-02-02-01.wav,01,calm,0
data/raw/ravdess/Actor_01/03-01-02-01-01-02-01.wav,01,calm,0
data/raw/ravdess/Actor_01/03-01-01-01-01-01-01.wav,01,neutral,0
data/raw/ravdess/Actor_01/03-01-06-01-01-01-01.wav,01,fearful,1
data/raw/ravdess/Actor_01/03-01-05-01-01-02-01.wav,01,angry,1
data/raw/ravdess/Actor_01/03-01-05-02-02-02-01.wav,01,angry,1
data/raw/ravdess/Actor_01/03-01-06-02-02-01-01.wav,01,fearful,1
data/raw/ravdess/Actor_01/03-01-04-01-02-01-01.wav,01,sad,0
data/raw/ravdess/Actor_01/03-01-07-01-02-02-01.wav,01,disgust,1
data/raw/ravdess/Actor_01/03-01-07-02-01-02-01.wav,01,disgust,1
data/raw/ravdess/Actor_01/03-01-04-02-01-01-01.wav,01,sad,0
data/raw/ravdess/Actor_01/03-01-02-01-02-02-01.wav,01,calm,0
data/raw/ravdess/Actor_01/03-01-01-01-02-01-01.wav,01,neutral,0
data/raw/ravdess/Actor_01/03-01-02-02-01-02-01.wav,01,calm,0
data/raw/ravdess/Actor_01/03-01-03-01-01-01-01.wav,01,happy,0
data/raw/ravdess/Actor_01/03-01-03-02-02-01-01.wav,01,happy,0
data/raw/ravdess/Actor_01/03-01-07-02-02-02-01.wav,01,disgust,1
data/raw/ravdess/Actor_01/03-01-04-02-02-01-01.wav,01,sad,0
data/raw/ravdess/Actor_01/03-01-04-01-01-01-01.wav,01,sad,0
data/raw/ravdess/Actor_01/03-01-07-01-01-02-01.wav,01,disgust,1
data/raw/ravdess/Actor_01/03-01-05-02-01-02-01.wav,01,angry,1
data/raw/ravdess/Actor_01/03-01-06-02-01-01-01.wav,01,fearful,1
data/raw/ravdess/Actor_01/03-01-06-01-02-01-01.wav,01,fearful,1
data/raw/ravdess/Actor_01/03-01-05-01-02-02-01.wav,01,angry,1
data/raw/ravdess/Actor_01/03-01-04-02-01-02-01.wav,01,sad,0
data/raw/ravdess/Actor_01/03-01-07-02-01-01-01.wav,01,disgust,1
data/raw/ravdess/Actor_01/03-01-07-01-02-01-01.wav,01,disgust,1
data/raw/ravdess/Actor_01/03-01-04-01-02-02-01.wav,01,sad,0
data/raw/ravdess/Actor_01/03-01-06-02-02-02-01.wav,01,fearful,1
data/raw/ravdess/Actor_01/03-01-05-02-02-01-01.wav,01,angry,1
data/raw/ravdess/Actor_01/03-01-05-01-01-01-01.wav,01,angry,1
data/raw/ravdess/Actor_01/03-01-06-01-01-02-01.wav,01,fearful,1
data/raw/ravdess/Actor_01/03-01-01-01-01-02-01.wav,01,neutral,0
data/raw/ravdess/Actor_01/03-01-02-01-01-01-01.wav,01,calm,0
data/raw/ravdess/Actor_01/03-01-02-02-02-01-01.wav,01,calm,0
data/raw/ravdess/Actor_01/03-01-03-01-02-02-01.wav,01,happy,0
data/raw/ravdess/Actor_01/03-01-03-02-01-02-01.wav,01,happy,0
data/raw/ravdess/Actor_02/03-01-06-01-02-02-02.wav,02,fearful,1
data/raw/ravdess/Actor_02/03-01-05-01-02-01-02.wav,02,angry,1
data/raw/ravdess/Actor_02/03-01-05-02-01-01-02.wav,02,angry,1
data/raw/ravdess/Actor_02/03-01-06-02-01-02-02.wav,02,fearful,1
data/raw/ravdess/Actor_02/03-01-04-01-01-02-02.wav,02,sad,0
data/raw/ravdess/Actor_02/03-01-07-01-01-01-02.wav,02,disgust,1
data/raw/ravdess/Actor_02/03-01-07-02-02-01-02.wav,02,disgust,1
data/raw/ravdess/Actor_02/03-01-04-02-02-02-02.wav,02,sad,0
data/raw/ravdess/Actor_02/03-01-03-02-02-02-02.wav,02,happy,0
data/raw/ravdess/Actor_02/03-01-03-01-01-02-02.wav,02,happy,0
data/raw/ravdess/Actor_02/03-01-02-02-01-01-02.wav,02,calm,0
data/raw/ravdess/Actor_02/03-01-02-01-02-01-02.wav,02,calm,0
data/raw/ravdess/Actor_02/03-01-01-01-02-02-02.wav,02,neutral,0
data/raw/ravdess/Actor_02/03-01-03-02-01-01-02.wav,02,happy,0
data/raw/ravdess/Actor_02/03-01-03-01-02-01-02.wav,02,happy,0
data/raw/ravdess/Actor_02/03-01-02-02-02-02-02.wav,02,calm,0
data/raw/ravdess/Actor_02/03-01-01-01-01-01-02.wav,02,neutral,0
data/raw/ravdess/Actor_02/03-01-02-01-01-02-02.wav,02,calm,0
data/raw/ravdess/Actor_02/03-01-05-01-01-02-02.wav,02,angry,1
data/raw/ravdess/Actor_02/03-01-06-01-01-01-02.wav,02,fearful,1
data/raw/ravdess/Actor_02/03-01-06-02-02-01-02.wav,02,fearful,1
data/raw/ravdess/Actor_02/03-01-05-02-02-02-02.wav,02,angry,1
data/raw/ravdess/Actor_02/03-01-07-01-02-02-02.wav,02,disgust,1
data/raw/ravdess/Actor_02/03-01-04-01-02-01-02.wav,02,sad,0
data/raw/ravdess/Actor_02/03-01-04-02-01-01-02.wav,02,sad,0
data/raw/ravdess/Actor_02/03-01-07-02-01-02-02.wav,02,disgust,1
data/raw/ravdess/Actor_02/03-01-01-01-02-01-02.wav,02,neutral,0
data/raw/ravdess/Actor_02/03-01-02-01-02-02-02.wav,02,calm,0
data/raw/ravdess/Actor_02/03-01-02-02-01-02-02.wav,02,calm,0
data/raw/ravdess/Actor_02/03-01-03-01-01-01-02.wav,02,happy,0
data/raw/ravdess/Actor_02/03-01-03-02-02-01-02.wav,02,happy,0
data/raw/ravdess/Actor_02/03-01-04-02-02-01-02.wav,02,sad,0
data/raw/ravdess/Actor_02/03-01-07-02-02-02-02.wav,02,disgust,1
data/raw/ravdess/Actor_02/03-01-07-01-01-02-02.wav,02,disgust,1
data/raw/ravdess/Actor_02/03-01-04-01-01-01-02.wav,02,sad,0
data/raw/ravdess/Actor_02/03-01-06-02-01-01-02.wav,02,fearful,1
data/raw/ravdess/Actor_02/03-01-05-02-01-02-02.wav,02,angry,1
data/raw/ravdess/Actor_02/03-01-05-01-02-02-02.wav,02,angry,1
data/raw/ravdess/Actor_02/03-01-06-01-02-01-02.wav,02,fearful,1
data/raw/ravdess/Actor_02/03-01-07-02-01-01-02.wav,02,disgust,1
data/raw/ravdess/Actor_02/03-01-04-02-01-02-02.wav,02,sad,0
data/raw/ravdess/Actor_02/03-01-04-01-02-02-02.wav,02,sad,0
data/raw/ravdess/Actor_02/03-01-07-01-02-01-02.wav,02,disgust,1
data/raw/ravdess/Actor_02/03-01-05-02-02-01-02.wav,02,angry,1
data/raw/ravdess/Actor_02/03-01-06-02-02-02-02.wav,02,fearful,1
data/raw/ravdess/Actor_02/03-01-06-01-01-02-02.wav,02,fearful,1
data/raw/ravdess/Actor_02/03-01-05-01-01-01-02.wav,02,angry,1
data/raw/ravdess/Actor_02/03-01-02-01-01-01-02.wav,02,calm,0
data/raw/ravdess/Actor_02/03-01-01-01-01-02-02.wav,02,neutral,0
data/raw/ravdess/Actor_02/03-01-02-02-02-01-02.wav,02,calm,0
data/raw/ravdess/Actor_02/03-01-03-01-02-02-02.wav,02,happy,0
data/raw/ravdess/Actor_02/03-01-03-02-01-02-02.wav,02,happy,0
data/raw/ravdess/Actor_03/03-01-04-02-02-02-03.wav,03,sad,0
data/raw/ravdess/Actor_03/03-01-07-02-02-01-03.wav,03,disgust,1
data/raw/ravdess/Actor_03/03-01-07-01-01-01-03.wav,03,disgust,1
data/raw/ravdess/Actor_03/03-01-04-01-01-02-03.wav,03,sad,0
data/raw/ravdess/Actor_03/03-01-06-02-01-02-03.wav,03,fearful,1
data/raw/ravdess/Actor_03/03-01-05-02-01-01-03.wav,03,angry,1
data/raw/ravdess/Actor_03/03-01-05-01-02-01-03.wav,03,angry,1
data/raw/ravdess/Actor_03/03-01-06-01-02-02-03.wav,03,fearful,1
data/raw/ravdess/Actor_03/03-01-01-01-02-02-03.wav,03,neutral,0
data/raw/ravdess/Actor_03/03-01-02-01-02-01-03.wav,03,calm,0
data/raw/ravdess/Actor_03/03-01-02-02-01-01-03.wav,03,calm,0
data/raw/ravdess/Actor_03/03-01-03-01-01-02-03.wav,03,happy,0
data/raw/ravdess/Actor_03/03-01-03-02-02-02-03.wav,03,happy,0
data/raw/ravdess/Actor_03/03-01-02-01-01-02-03.wav,03,calm,0
data/raw/ravdess/Actor_03/03-01-01-01-01-01-03.wav,03,neutral,0
data/raw/ravdess/Actor_03/03-01-02-02-02-02-03.wav,03,calm,0
data/raw/ravdess/Actor_03/03-01-03-01-02-01-03.wav,03,happy,0
data/raw/ravdess/Actor_03/03-01-03-02-01-01-03.wav,03,happy,0
data/raw/ravdess/Actor_03/03-01-07-02-01-02-03.wav,03,disgust,1
data/raw/ravdess/Actor_03/03-01-04-02-01-01-03.wav,03,sad,0
data/raw/ravdess/Actor_03/03-01-04-01-02-01-03.wav,03,sad,0
data/raw/ravdess/Actor_03/03-01-07-01-02-02-03.wav,03,disgust,1
data/raw/ravdess/Actor_03/03-01-05-02-02-02-03.wav,03,angry,1
data/raw/ravdess/Actor_03/03-01-06-02-02-01-03.wav,03,fearful,1
data/raw/ravdess/Actor_03/03-01-06-01-01-01-03.wav,03,fearful,1
data/raw/ravdess/Actor_03/03-01-05-01-01-02-03.wav,03,angry,1
data/raw/ravdess/Actor_03/03-01-03-02-02-01-03.wav,03,happy,0
data/raw/ravdess/Actor_03/03-01-03-01-01-01-03.wav,03,happy,0
data/raw/ravdess/Actor_03/03-01-02-02-01-02-03.wav,03,calm,0
data/raw/ravdess/Actor_03/03-01-02-01-02-02-03.wav,03,calm,0
data/raw/ravdess/Actor_03/03-01-01-01-02-01-03.wav,03,neutral,0
data/raw/ravdess/Actor_03/03-01-06-01-02-01-03.wav,03,fearful,1
data/raw/ravdess/Actor_03/03-01-05-01-02-02-03.wav,03,angry,1
data/raw/ravdess/Actor_03/03-01-05-02-01-02-03.wav,03,angry,1
data/raw/ravdess/Actor_03/03-01-06-02-01-01-03.wav,03,fearful,1
data/raw/ravdess/Actor_03/03-01-04-01-01-01-03.wav,03,sad,0
data/raw/ravdess/Actor_03/03-01-07-01-01-02-03.wav,03,disgust,1
data/raw/ravdess/Actor_03/03-01-07-02-02-02-03.wav,03,disgust,1
data/raw/ravdess/Actor_03/03-01-04-02-02-01-03.wav,03,sad,0
data/raw/ravdess/Actor_03/03-01-05-01-01-01-03.wav,03,angry,1
data/raw/ravdess/Actor_03/03-01-06-01-01-02-03.wav,03,fearful,1
data/raw/ravdess/Actor_03/03-01-06-02-02-02-03.wav,03,fearful,1
data/raw/ravdess/Actor_03/03-01-05-02-02-01-03.wav,03,angry,1
data/raw/ravdess/Actor_03/03-01-07-01-02-01-03.wav,03,disgust,1
data/raw/ravdess/Actor_03/03-01-04-01-02-02-03.wav,03,sad,0
data/raw/ravdess/Actor_03/03-01-04-02-01-02-03.wav,03,sad,0
data/raw/ravdess/Actor_03/03-01-07-02-01-01-03.wav,03,disgust,1
data/raw/ravdess/Actor_03/03-01-03-02-01-02-03.wav,03,happy,0
data/raw/ravdess/Actor_03/03-01-03-01-02-02-03.wav,03,happy,0
data/raw/ravdess/Actor_03/03-01-02-02-02-01-03.wav,03,calm,0
data/raw/ravdess/Actor_03/03-01-01-01-01-02-03.wav,03,neutral,0
data/raw/ravdess/Actor_03/03-01-02-01-01-01-03.wav,03,calm,0
data/raw/ravdess/Actor_04/03-01-03-02-02-02-04.wav,04,happy,0
data/raw/ravdess/Actor_04/03-01-03-01-01-02-04.wav,04,happy,0
data/raw/ravdess/Actor_04/03-01-02-02-01-01-04.wav,04,calm,0
data/raw/ravdess/Actor_04/03-01-01-01-02-02-04.wav,04,neutral,0
data/raw/ravdess/Actor_04/03-01-02-01-02-01-04.wav,04,calm,0
data/raw/ravdess/Actor_04/03-01-05-01-02-01-04.wav,04,angry,1
data/raw/ravdess/Actor_04/03-01-06-01-02-02-04.wav,04,fearful,1
data/raw/ravdess/Actor_04/03-01-06-02-01-02-04.wav,04,fearful,1
data/raw/ravdess/Actor_04/03-01-05-02-01-01-04.wav,04,angry,1
data/raw/ravdess/Actor_04/03-01-07-01-01-01-04.wav,04,disgust,1
data/raw/ravdess/Actor_04/03-01-04-01-01-02-04.wav,04,sad,0
data/raw/ravdess/Actor_04/03-01-04-02-02-02-04.wav,04,sad,0
data/raw/ravdess/Actor_04/03-01-07-02-02-01-04.wav,04,disgust,1
data/raw/ravdess/Actor_04/03-01-06-01-01-01-04.wav,04,fearful,1
data/raw/ravdess/Actor_04/03-01-05-01-01-02-04.wav,04,angry,1
data/raw/ravdess/Actor_04/03-01-05-02-02-02-04.wav,04,angry,1
data/raw/ravdess/Actor_04/03-01-06-02-02-01-04.wav,04,fearful,1
data/raw/ravdess/Actor_04/03-01-04-01-02-01-04.wav,04,sad,0
data/raw/ravdess/Actor_04/03-01-07-01-02-02-04.wav,04,disgust,1
data/raw/ravdess/Actor_04/03-01-07-02-01-02-04.wav,04,disgust,1
data/raw/ravdess/Actor_04/03-01-04-02-01-01-04.wav,04,sad,0
data/raw/ravdess/Actor_04/03-01-03-02-01-01-04.wav,04,happy,0
data/raw/ravdess/Actor_04/03-01-03-01-02-01-04.wav,04,happy,0
data/raw/ravdess/Actor_04/03-01-02-02-02-02-04.wav,04,calm,0
data/raw/ravdess/Actor_04/03-01-02-01-01-02-04.wav,04,calm,0
data/raw/ravdess/Actor_04/03-01-01-01-01-01-04.wav,04,neutral,0
data/raw/ravdess/Actor_04/03-01-07-02-02-02-04.wav,04,disgust,1
data/raw/ravdess/Actor_04/03-01-04-02-02-01-04.wav,04,sad,0
data/raw/ravdess/Actor_04/03-01-04-01-01-01-04.wav,04,sad,0
data/raw/ravdess/Actor_04/03-01-07-01-01-02-04.wav,04,disgust,1
data/raw/ravdess/Actor_04/03-01-05-02-01-02-04.wav,04,angry,1
data/raw/ravdess/Actor_04/03-01-06-02-01-01-04.wav,04,fearful,1
data/raw/ravdess/Actor_04/03-01-06-01-02-01-04.wav,04,fearful,1
data/raw/ravdess/Actor_04/03-01-05-01-02-02-04.wav,04,angry,1
data/raw/ravdess/Actor_04/03-01-02-01-02-02-04.wav,04,calm,0
data/raw/ravdess/Actor_04/03-01-01-01-02-01-04.wav,04,neutral,0
data/raw/ravdess/Actor_04/03-01-02-02-01-02-04.wav,04,calm,0
data/raw/ravdess/Actor_04/03-01-03-01-01-01-04.wav,04,happy,0
data/raw/ravdess/Actor_04/03-01-03-02-02-01-04.wav,04,happy,0
data/raw/ravdess/Actor_04/03-01-01-01-01-02-04.wav,04,neutral,0
data/raw/ravdess/Actor_04/03-01-02-01-01-01-04.wav,04,calm,0
data/raw/ravdess/Actor_04/03-01-02-02-02-01-04.wav,04,calm,0
data/raw/ravdess/Actor_04/03-01-03-01-02-02-04.wav,04,happy,0
data/raw/ravdess/Actor_04/03-01-03-02-01-02-04.wav,04,happy,0
data/raw/ravdess/Actor_04/03-01-04-02-01-02-04.wav,04,sad,0
data/raw/ravdess/Actor_04/03-01-07-02-01-01-04.wav,04,disgust,1
data/raw/ravdess/Actor_04/03-01-07-01-02-01-04.wav,04,disgust,1
data/raw/ravdess/Actor_04/03-01-04-01-02-02-04.wav,04,sad,0
data/raw/ravdess/Actor_04/03-01-06-02-02-02-04.wav,04,fearful,1
data/raw/ravdess/Actor_04/03-01-05-02-02-01-04.wav,04,angry,1
data/raw/ravdess/Actor_04/03-01-05-01-01-01-04.wav,04,angry,1
data/raw/ravdess/Actor_04/03-01-06-01-01-02-04.wav,04,fearful,1
data/raw/ravdess/Actor_05/03-01-02-01-02-01-05.wav,05,calm,0
data/raw/ravdess/Actor_05/03-01-01-01-02-02-05.wav,05,neutral,0
data/raw/ravdess/Actor_05/03-01-02-02-01-01-05.wav,05,calm,0
data/raw/ravdess/Actor_05/03-01-03-01-01-02-05.wav,05,happy,0
data/raw/ravdess/Actor_05/03-01-03-02-02-02-05.wav,05,happy,0
data/raw/ravdess/Actor_05/03-01-07-02-02-01-05.wav,05,disgust,1
data/raw/ravdess/Actor_05/03-01-04-02-02-02-05.wav,05,sad,0
data/raw/ravdess/Actor_05/03-01-04-01-01-02-05.wav,05,sad,0
data/raw/ravdess/Actor_05/03-01-07-01-01-01-05.wav,05,disgust,1
data/raw/ravdess/Actor_05/03-01-05-02-01-01-05.wav,05,angry,1
data/raw/ravdess/Actor_05/03-01-06-02-01-02-05.wav,05,fearful,1
data/raw/ravdess/Actor_05/03-01-06-01-02-02-05.wav,05,fearful,1
data/raw/ravdess/Actor_05/03-01-05-01-02-01-05.wav,05,angry,1
data/raw/ravdess/Actor_05/03-01-04-02-01-01-05.wav,05,sad,0
data/raw/ravdess/Actor_05/03-01-07-02-01-02-05.wav,05,disgust,1
data/raw/ravdess/Actor_05/03-01-07-01-02-02-05.wav,05,disgust,1
data/raw/ravdess/Actor_05/03-01-04-01-02-01-05.wav,05,sad,0
data/raw/ravdess/Actor_05/03-01-06-02-02-01-05.wav,05,fearful,1
data/raw/ravdess/Actor_05/03-01-05-02-02-02-05.wav,05,angry,1
data/raw/ravdess/Actor_05/03-01-05-01-01-02-05.wav,05,angry,1
data/raw/ravdess/Actor_05/03-01-06-01-01-01-05.wav,05,fearful,1
data/raw/ravdess/Actor_05/03-01-01-01-01-01-05.wav,05,neutral,0
data/raw/ravdess/Actor_05/03-01-02-01-01-02-05.wav,05,calm,0
data/raw/ravdess/Actor_05/03-01-02-02-02-02-05.wav,05,calm,0
data/raw/ravdess/Actor_05/03-01-03-01-02-01-05.wav,05,happy,0
data/raw/ravdess/Actor_05/03-01-03-02-01-01-05.wav,05,happy,0
data/raw/ravdess/Actor_05/03-01-05-01-02-02-05.wav,05,angry,1
data/raw/ravdess/Actor_05/03-01-06-01-02-01-05.wav,05,fearful,1
data/raw/ravdess/Actor_05/03-01-06-02-01-01-05.wav,05,fearful,1
data/raw/ravdess/Actor_05/03-01-05-02-01-02-05.wav,05,angry,1
data/raw/ravdess/Actor_05/03-01-07-01-01-02-05.wav,05,disgust,1
data/raw/ravdess/Actor_05/03-01-04-01-01-01-05.wav,05,sad,0
data/raw/ravdess/Actor_05/03-01-04-02-02-01-05.wav,05,sad,0
data/raw/ravdess/Actor_05/03-01-07-02-02-02-05.wav,05,disgust,1
data/raw/ravdess/Actor_05/03-01-03-02-02-01-05.wav,05,happy,0
data/raw/ravdess/Actor_05/03-01-03-01-01-01-05.wav,05,happy,0
data/raw/ravdess/Actor_05/03-01-02-02-01-02-05.wav,05,calm,0
data/raw/ravdess/Actor_05/03-01-01-01-02-01-05.wav,05,neutral,0
data/raw/ravdess/Actor_05/03-01-02-01-02-02-05.wav,05,calm,0
data/raw/ravdess/Actor_05/03-01-03-02-01-02-05.wav,05,happy,0
data/raw/ravdess/Actor_05/03-01-03-01-02-02-05.wav,05,happy,0
data/raw/ravdess/Actor_05/03-01-02-02-02-01-05.wav,05,calm,0
data/raw/ravdess/Actor_05/03-01-02-01-01-01-05.wav,05,calm,0
data/raw/ravdess/Actor_05/03-01-01-01-01-02-05.wav,05,neutral,0
data/raw/ravdess/Actor_05/03-01-06-01-01-02-05.wav,05,fearful,1
data/raw/ravdess/Actor_05/03-01-05-01-01-01-05.wav,05,angry,1
data/raw/ravdess/Actor_05/03-01-05-02-02-01-05.wav,05,angry,1
data/raw/ravdess/Actor_05/03-01-06-02-02-02-05.wav,05,fearful,1
data/raw/ravdess/Actor_05/03-01-04-01-02-02-05.wav,05,sad,0
data/raw/ravdess/Actor_05/03-01-07-01-02-01-05.wav,05,disgust,1
data/raw/ravdess/Actor_05/03-01-07-02-01-01-05.wav,05,disgust,1
data/raw/ravdess/Actor_05/03-01-04-02-01-02-05.wav,05,sad,0
data/raw/ravdess/Actor_06/03-01-01-01-02-02-06.wav,06,neutral,0
data/raw/ravdess/Actor_06/03-01-02-01-02-01-06.wav,06,calm,0
data/raw/ravdess/Actor_06/03-01-02-02-01-01-06.wav,06,calm,0
data/raw/ravdess/Actor_06/03-01-03-01-01-02-06.wav,06,happy,0
data/raw/ravdess/Actor_06/03-01-03-02-02-02-06.wav,06,happy,0
data/raw/ravdess/Actor_06/03-01-04-02-02-02-06.wav,06,sad,0
data/raw/ravdess/Actor_06/03-01-07-02-02-01-06.wav,06,disgust,1
data/raw/ravdess/Actor_06/03-01-07-01-01-01-06.wav,06,disgust,1
data/raw/ravdess/Actor_06/03-01-04-01-01-02-06.wav,06,sad,0
data/raw/ravdess/Actor_06/03-01-06-02-01-02-06.wav,06,fearful,1
data/raw/ravdess/Actor_06/03-01-05-02-01-01-06.wav,06,angry,1
data/raw/ravdess/Actor_06/03-01-05-01-02-01-06.wav,06,angry,1
data/raw/ravdess/Actor_06/03-01-06-01-02-02-06.wav,06,fearful,1
data/raw/ravdess/Actor_06/03-01-07-02-01-02-06.wav,06,disgust,1
data/raw/ravdess/Actor_06/03-01-04-02-01-01-06.wav,06,sad,0
data/raw/ravdess/Actor_06/03-01-04-01-02-01-06.wav,06,sad,0
data/raw/ravdess/Actor_06/03-01-07-01-02-02-06.wav,06,disgust,1
data/raw/ravdess/Actor_06/03-01-05-02-02-02-06.wav,06,angry,1
data/raw/ravdess/Actor_06/03-01-06-02-02-01-06.wav,06,fearful,1
data/raw/ravdess/Actor_06/03-01-06-01-01-01-06.wav,06,fearful,1
data/raw/ravdess/Actor_06/03-01-05-01-01-02-06.wav,06,angry,1
data/raw/ravdess/Actor_06/03-01-02-01-01-02-06.wav,06,calm,0
data/raw/ravdess/Actor_06/03-01-01-01-01-01-06.wav,06,neutral,0
data/raw/ravdess/Actor_06/03-01-02-02-02-02-06.wav,06,calm,0
data/raw/ravdess/Actor_06/03-01-03-01-02-01-06.wav,06,happy,0
data/raw/ravdess/Actor_06/03-01-03-02-01-01-06.wav,06,happy,0
data/raw/ravdess/Actor_06/03-01-06-01-02-01-06.wav,06,fearful,1
data/raw/ravdess/Actor_06/03-01-05-01-02-02-06.wav,06,angry,1
data/raw/ravdess/Actor_06/03-01-05-02-01-02-06.wav,06,angry,1
data/raw/ravdess/Actor_06/03-01-06-02-01-01-06.wav,06,fearful,1
data/raw/ravdess/Actor_06/03-01-04-01-01-01-06.wav,06,sad,0
data/raw/ravdess/Actor_06/03-01-07-01-01-02-06.wav,06,disgust,1
data/raw/ravdess/Actor_06/03-01-07-02-02-02-06.wav,06,disgust,1
data/raw/ravdess/Actor_06/03-01-04-02-02-01-06.wav,06,sad,0
data/raw/ravdess/Actor_06/03-01-03-02-02-01-06.wav,06,happy,0
data/raw/ravdess/Actor_06/03-01-03-01-01-01-06.wav,06,happy,0
data/raw/ravdess/Actor_06/03-01-02-02-01-02-06.wav,06,calm,0
data/raw/ravdess/Actor_06/03-01-02-01-02-02-06.wav,06,calm,0
data/raw/ravdess/Actor_06/03-01-01-01-02-01-06.wav,06,neutral,0
data/raw/ravdess/Actor_06/03-01-03-02-01-02-06.wav,06,happy,0
data/raw/ravdess/Actor_06/03-01-03-01-02-02-06.wav,06,happy,0
data/raw/ravdess/Actor_06/03-01-02-02-02-01-06.wav,06,calm,0
data/raw/ravdess/Actor_06/03-01-01-01-01-02-06.wav,06,neutral,0
data/raw/ravdess/Actor_06/03-01-02-01-01-01-06.wav,06,calm,0
data/raw/ravdess/Actor_06/03-01-05-01-01-01-06.wav,06,angry,1
data/raw/ravdess/Actor_06/03-01-06-01-01-02-06.wav,06,fearful,1
data/raw/ravdess/Actor_06/03-01-06-02-02-02-06.wav,06,fearful,1
data/raw/ravdess/Actor_06/03-01-05-02-02-01-06.wav,06,angry,1
data/raw/ravdess/Actor_06/03-01-07-01-02-01-06.wav,06,disgust,1
data/raw/ravdess/Actor_06/03-01-04-01-02-02-06.wav,06,sad,0
data/raw/ravdess/Actor_06/03-01-04-02-01-02-06.wav,06,sad,0
data/raw/ravdess/Actor_06/03-01-07-02-01-01-06.wav,06,disgust,1
data/raw/ravdess/Actor_07/03-01-03-02-02-02-07.wav,07,happy,0
data/raw/ravdess/Actor_07/03-01-03-01-01-02-07.wav,07,happy,0
data/raw/ravdess/Actor_07/03-01-02-02-01-01-07.wav,07,calm,0
data/raw/ravdess/Actor_07/03-01-02-01-02-01-07.wav,07,calm,0
data/raw/ravdess/Actor_07/03-01-01-01-02-02-07.wav,07,neutral,0
data/raw/ravdess/Actor_07/03-01-06-01-02-02-07.wav,07,fearful,1
data/raw/ravdess/Actor_07/03-01-05-01-02-01-07.wav,07,angry,1
data/raw/ravdess/Actor_07/03-01-05-02-01-01-07.wav,07,angry,1
data/raw/ravdess/Actor_07/03-01-06-02-01-02-07.wav,07,fearful,1
data/raw/ravdess/Actor_07/03-01-04-01-01-02-07.wav,07,sad,0
data/raw/ravdess/Actor_07/03-01-07-01-01-01-07.wav,07,disgust,1
data/raw/ravdess/Actor_07/03-01-07-02-02-01-07.wav,07,disgust,1
data/raw/ravdess/Actor_07/03-01-04-02-02-02-07.wav,07,sad,0
data/raw/ravdess/Actor_07/03-01-05-01-01-02-07.wav,07,angry,1
data/raw/ravdess/Actor_07/03-01-06-01-01-01-07.wav,07,fearful,1
data/raw/ravdess/Actor_07/03-01-06-02-02-01-07.wav,07,fearful,1
data/raw/ravdess/Actor_07/03-01-05-02-02-02-07.wav,07,angry,1
data/raw/ravdess/Actor_07/03-01-07-01-02-02-07.wav,07,disgust,1
data/raw/ravdess/Actor_07/03-01-04-01-02-01-07.wav,07,sad,0
data/raw/ravdess/Actor_07/03-01-04-02-01-01-07.wav,07,sad,0
data/raw/ravdess/Actor_07/03-01-07-02-01-02-07.wav,07,disgust,1
data/raw/ravdess/Actor_07/03-01-03-02-01-01-07.wav,07,happy,0
data/raw/ravdess/Actor_07/03-01-03-01-02-01-07.wav,07,happy,0
data/raw/ravdess/Actor_07/03-01-02-02-02-02-07.wav,07,calm,0
data/raw/ravdess/Actor_07/03-01-01-01-01-01-07.wav,07,neutral,0
data/raw/ravdess/Actor_07/03-01-02-01-01-02-07.wav,07,calm,0
data/raw/ravdess/Actor_07/03-01-04-02-02-01-07.wav,07,sad,0
data/raw/ravdess/Actor_07/03-01-07-02-02-02-07.wav,07,disgust,1
data/raw/ravdess/Actor_07/03-01-07-01-01-02-07.wav,07,disgust,1
data/raw/ravdess/Actor_07/03-01-04-01-01-01-07.wav,07,sad,0
data/raw/ravdess/Actor_07/03-01-06-02-01-01-07.wav,07,fearful,1
data/raw/ravdess/Actor_07/03-01-05-02-01-02-07.wav,07,angry,1
data/raw/ravdess/Actor_07/03-01-05-01-02-02-07.wav,07,angry,1
data/raw/ravdess/Actor_07/03-01-06-01-02-01-07.wav,07,fearful,1
data/raw/ravdess/Actor_07/03-01-01-01-02-01-07.wav,07,neutral,0
data/raw/ravdess/Actor_07/03-01-02-01-02-02-07.wav,07,calm,0
data/raw/ravdess/Actor_07/03-01-02-02-01-02-07.wav,07,calm,0
data/raw/ravdess/Actor_07/03-01-03-01-01-01-07.wav,07,happy,0
data/raw/ravdess/Actor_07/03-01-03-02-02-01-07.wav,07,happy,0
data/raw/ravdess/Actor_07/03-01-02-01-01-01-07.wav,07,calm,0
data/raw/ravdess/Actor_07/03-01-01-01-01-02-07.wav,07,neutral,0
data/raw/ravdess/Actor_07/03-01-02-02-02-01-07.wav,07,calm,0
data/raw/ravdess/Actor_07/03-01-03-01-02-02-07.wav,07,happy,0
data/raw/ravdess/Actor_07/03-01-03-02-01-02-07.wav,07,happy,0
data/raw/ravdess/Actor_07/03-01-07-02-01-01-07.wav,07,disgust,1
data/raw/ravdess/Actor_07/03-01-04-02-01-02-07.wav,07,sad,0
data/raw/ravdess/Actor_07/03-01-04-01-02-02-07.wav,07,sad,0
data/raw/ravdess/Actor_07/03-01-07-01-02-01-07.wav,07,disgust,1
data/raw/ravdess/Actor_07/03-01-05-02-02-01-07.wav,07,angry,1
data/raw/ravdess/Actor_07/03-01-06-02-02-02-07.wav,07,fearful,1
data/raw/ravdess/Actor_07/03-01-06-01-01-02-07.wav,07,fearful,1
data/raw/ravdess/Actor_07/03-01-05-01-01-01-07.wav,07,angry,1
data/raw/ravdess/Actor_08/03-01-07-02-01-01-08.wav,08,disgust,1
data/raw/ravdess/Actor_08/03-01-04-02-01-02-08.wav,08,sad,0
data/raw/ravdess/Actor_08/03-01-04-01-02-02-08.wav,08,sad,0
data/raw/ravdess/Actor_08/03-01-07-01-02-01-08.wav,08,disgust,1
data/raw/ravdess/Actor_08/03-01-05-02-02-01-08.wav,08,angry,1
data/raw/ravdess/Actor_08/03-01-06-02-02-02-08.wav,08,fearful,1
data/raw/ravdess/Actor_08/03-01-06-01-01-02-08.wav,08,fearful,1
data/raw/ravdess/Actor_08/03-01-05-01-01-01-08.wav,08,angry,1
data/raw/ravdess/Actor_08/03-01-02-01-01-01-08.wav,08,calm,0
data/raw/ravdess/Actor_08/03-01-01-01-01-02-08.wav,08,neutral,0
data/raw/ravdess/Actor_08/03-01-02-02-02-01-08.wav,08,calm,0
data/raw/ravdess/Actor_08/03-01-03-01-02-02-08.wav,08,happy,0
data/raw/ravdess/Actor_08/03-01-03-02-01-02-08.wav,08,happy,0
data/raw/ravdess/Actor_08/03-01-01-01-02-01-08.wav,08,neutral,0
data/raw/ravdess/Actor_08/03-01-02-01-02-02-08.wav,08,calm,0
data/raw/ravdess/Actor_08/03-01-02-02-01-02-08.wav,08,calm,0
data/raw/ravdess/Actor_08/03-01-03-01-01-01-08.wav,08,happy,0
data/raw/ravdess/Actor_08/03-01-03-02-02-01-08.wav,08,happy,0
data/raw/ravdess/Actor_08/03-01-04-02-02-01-08.wav,08,sad,0
data/raw/ravdess/Actor_08/03-01-07-02-02-02-08.wav,08,disgust,1
data/raw/ravdess/Actor_08/03-01-07-01-01-02-08.wav,08,disgust,1
data/raw/ravdess/Actor_08/03-01-04-01-01-01-08.wav,08,sad,0
data/raw/ravdess/Actor_08/03-01-06-02-01-01-08.wav,08,fearful,1
data/raw/ravdess/Actor_08/03-01-05-02-01-02-08.wav,08,angry,1
data/raw/ravdess/Actor_08/03-01-05-01-02-02-08.wav,08,angry,1
data/raw/ravdess/Actor_08/03-01-06-01-02-01-08.wav,08,fearful,1
data/raw/ravdess/Actor_08/03-01-03-02-01-01-08.wav,08,happy,0
data/raw/ravdess/Actor_08/03-01-03-01-02-01-08.wav,08,happy,0
data/raw/ravdess/Actor_08/03-01-02-02-02-02-08.wav,08,calm,0
data/raw/ravdess/Actor_08/03-01-01-01-01-01-08.wav,08,neutral,0
data/raw/ravdess/Actor_08/03-01-02-01-01-02-08.wav,08,calm,0
data/raw/ravdess/Actor_08/03-01-05-01-01-02-08.wav,08,angry,1
data/raw/ravdess/Actor_08/03-01-06-01-01-01-08.wav,08,fearful,1
data/raw/ravdess/Actor_08/03-01-06-02-02-01-08.wav,08,fearful,1
data/raw/ravdess/Actor_08/03-01-05-02-02-02-08.wav,08,angry,1
data/raw/ravdess/Actor_08/03-01-07-01-02-02-08.wav,08,disgust,1
data/raw/ravdess/Actor_08/03-01-04-01-02-01-08.wav,08,sad,0
data/raw/ravdess/Actor_08/03-01-04-02-01-01-08.wav,08,sad,0
data/raw/ravdess/Actor_08/03-01-07-02-01-02-08.wav,08,disgust,1
data/raw/ravdess/Actor_08/03-01-06-01-02-02-08.wav,08,fearful,1
data/raw/ravdess/Actor_08/03-01-05-01-02-01-08.wav,08,angry,1
data/raw/ravdess/Actor_08/03-01-05-02-01-01-08.wav,08,angry,1
data/raw/ravdess/Actor_08/03-01-06-02-01-02-08.wav,08,fearful,1
data/raw/ravdess/Actor_08/03-01-04-01-01-02-08.wav,08,sad,0
data/raw/ravdess/Actor_08/03-01-07-01-01-01-08.wav,08,disgust,1
data/raw/ravdess/Actor_08/03-01-07-02-02-01-08.wav,08,disgust,1
data/raw/ravdess/Actor_08/03-01-04-02-02-02-08.wav,08,sad,0
data/raw/ravdess/Actor_08/03-01-03-02-02-02-08.wav,08,happy,0
data/raw/ravdess/Actor_08/03-01-03-01-01-02-08.wav,08,happy,0
data/raw/ravdess/Actor_08/03-01-02-02-01-01-08.wav,08,calm,0
data/raw/ravdess/Actor_08/03-01-02-01-02-01-08.wav,08,calm,0
data/raw/ravdess/Actor_08/03-01-01-01-02-02-08.wav,08,neutral,0
data/raw/ravdess/Actor_09/03-01-05-01-01-01-09.wav,09,angry,1
data/raw/ravdess/Actor_09/03-01-06-01-01-02-09.wav,09,fearful,1
data/raw/ravdess/Actor_09/03-01-06-02-02-02-09.wav,09,fearful,1
data/raw/ravdess/Actor_09/03-01-05-02-02-01-09.wav,09,angry,1
data/raw/ravdess/Actor_09/03-01-07-01-02-01-09.wav,09,disgust,1
data/raw/ravdess/Actor_09/03-01-04-01-02-02-09.wav,09,sad,0
data/raw/ravdess/Actor_09/03-01-04-02-01-02-09.wav,09,sad,0
data/raw/ravdess/Actor_09/03-01-07-02-01-01-09.wav,09,disgust,1
data/raw/ravdess/Actor_09/03-01-03-02-01-02-09.wav,09,happy,0
data/raw/ravdess/Actor_09/03-01-03-01-02-02-09.wav,09,happy,0
data/raw/ravdess/Actor_09/03-01-02-02-02-01-09.wav,09,calm,0
data/raw/ravdess/Actor_09/03-01-01-01-01-02-09.wav,09,neutral,0
data/raw/ravdess/Actor_09/03-01-02-01-01-01-09.wav,09,calm,0
data/raw/ravdess/Actor_09/03-01-03-02-02-01-09.wav,09,happy,0
data/raw/ravdess/Actor_09/03-01-03-01-01-01-09.wav,09,happy,0
data/raw/ravdess/Actor_09/03-01-02-02-01-02-09.wav,09,calm,0
data/raw/ravdess/Actor_09/03-01-02-01-02-02-09.wav,09,calm,0
data/raw/ravdess/Actor_09/03-01-01-01-02-01-09.wav,09,neutral,0
data/raw/ravdess/Actor_09/03-01-06-01-02-01-09.wav,09,fearful,1
data/raw/ravdess/Actor_09/03-01-05-01-02-02-09.wav,09,angry,1
data/raw/ravdess/Actor_09/03-01-05-02-01-02-09.wav,09,angry,1
data/raw/ravdess/Actor_09/03-01-06-02-01-01-09.wav,09,fearful,1
data/raw/ravdess/Actor_09/03-01-04-01-01-01-09.wav,09,sad,0
data/raw/ravdess/Actor_09/03-01-07-01-01-02-09.wav,09,disgust,1
data/raw/ravdess/Actor_09/03-01-07-02-02-02-09.wav,09,disgust,1
data/raw/ravdess/Actor_09/03-01-04-02-02-01-09.wav,09,sad,0
data/raw/ravdess/Actor_09/03-01-02-01-01-02-09.wav,09,calm,0
data/raw/ravdess/Actor_09/03-01-01-01-01-01-09.wav,09,neutral,0
data/raw/ravdess/Actor_09/03-01-02-02-02-02-09.wav,09,calm,0
data/raw/ravdess/Actor_09/03-01-03-01-02-01-09.wav,09,happy,0
data/raw/ravdess/Actor_09/03-01-03-02-01-01-09.wav,09,happy,0
data/raw/ravdess/Actor_09/03-01-07-02-01-02-09.wav,09,disgust,1
data/raw/ravdess/Actor_09/03-01-04-02-01-01-09.wav,09,sad,0
data/raw/ravdess/Actor_09/03-01-04-01-02-01-09.wav,09,sad,0
data/raw/ravdess/Actor_09/03-01-07-01-02-02-09.wav,09,disgust,1
data/raw/ravdess/Actor_09/03-01-05-02-02-02-09.wav,09,angry,1
data/raw/ravdess/Actor_09/03-01-06-02-02-01-09.wav,09,fearful,1
data/raw/ravdess/Actor_09/03-01-06-01-01-01-09.wav,09,fearful,1
data/raw/ravdess/Actor_09/03-01-05-01-01-02-09.wav,09,angry,1
data/raw/ravdess/Actor_09/03-01-04-02-02-02-09.wav,09,sad,0
data/raw/ravdess/Actor_09/03-01-07-02-02-01-09.wav,09,disgust,1
data/raw/ravdess/Actor_09/03-01-07-01-01-01-09.wav,09,disgust,1
data/raw/ravdess/Actor_09/03-01-04-01-01-02-09.wav,09,sad,0
data/raw/ravdess/Actor_09/03-01-06-02-01-02-09.wav,09,fearful,1
data/raw/ravdess/Actor_09/03-01-05-02-01-01-09.wav,09,angry,1
data/raw/ravdess/Actor_09/03-01-05-01-02-01-09.wav,09,angry,1
data/raw/ravdess/Actor_09/03-01-06-01-02-02-09.wav,09,fearful,1
data/raw/ravdess/Actor_09/03-01-01-01-02-02-09.wav,09,neutral,0
data/raw/ravdess/Actor_09/03-01-02-01-02-01-09.wav,09,calm,0
data/raw/ravdess/Actor_09/03-01-02-02-01-01-09.wav,09,calm,0
data/raw/ravdess/Actor_09/03-01-03-01-01-02-09.wav,09,happy,0
data/raw/ravdess/Actor_09/03-01-03-02-02-02-09.wav,09,happy,0
data/raw/ravdess/Actor_10/03-01-03-02-02-02-10.wav,10,happy,0
data/raw/ravdess/Actor_10/03-01-03-01-01-02-10.wav,10,happy,0
data/raw/ravdess/Actor_10/03-01-02-02-01-01-10.wav,10,calm,0
data/raw/ravdess/Actor_10/03-01-02-01-02-01-10.wav,10,calm,0
data/raw/ravdess/Actor_10/03-01-01-01-02-02-10.wav,10,neutral,0
data/raw/ravdess/Actor_10/03-01-06-01-02-02-10.wav,10,fearful,1
data/raw/ravdess/Actor_10/03-01-05-01-02-01-10.wav,10,angry,1
data/raw/ravdess/Actor_10/03-01-05-02-01-01-10.wav,10,angry,1
data/raw/ravdess/Actor_10/03-01-06-02-01-02-10.wav,10,fearful,1
data/raw/ravdess/Actor_10/03-01-04-01-01-02-10.wav,10,sad,0
data/raw/ravdess/Actor_10/03-01-07-01-01-01-10.wav,10,disgust,1
data/raw/ravdess/Actor_10/03-01-07-02-02-01-10.wav,10,disgust,1
data/raw/ravdess/Actor_10/03-01-04-02-02-02-10.wav,10,sad,0
data/raw/ravdess/Actor_10/03-01-05-01-01-02-10.wav,10,angry,1
data/raw/ravdess/Actor_10/03-01-06-01-01-01-10.wav,10,fearful,1
data/raw/ravdess/Actor_10/03-01-06-02-02-01-10.wav,10,fearful,1
data/raw/ravdess/Actor_10/03-01-05-02-02-02-10.wav,10,angry,1
data/raw/ravdess/Actor_10/03-01-07-01-02-02-10.wav,10,disgust,1
data/raw/ravdess/Actor_10/03-01-04-01-02-01-10.wav,10,sad,0
data/raw/ravdess/Actor_10/03-01-04-02-01-01-10.wav,10,sad,0
data/raw/ravdess/Actor_10/03-01-07-02-01-02-10.wav,10,disgust,1
data/raw/ravdess/Actor_10/03-01-03-02-01-01-10.wav,10,happy,0
data/raw/ravdess/Actor_10/03-01-03-01-02-01-10.wav,10,happy,0
data/raw/ravdess/Actor_10/03-01-02-02-02-02-10.wav,10,calm,0
data/raw/ravdess/Actor_10/03-01-01-01-01-01-10.wav,10,neutral,0
data/raw/ravdess/Actor_10/03-01-02-01-01-02-10.wav,10,calm,0
data/raw/ravdess/Actor_10/03-01-04-02-02-01-10.wav,10,sad,0
data/raw/ravdess/Actor_10/03-01-07-02-02-02-10.wav,10,disgust,1
data/raw/ravdess/Actor_10/03-01-07-01-01-02-10.wav,10,disgust,1
data/raw/ravdess/Actor_10/03-01-04-01-01-01-10.wav,10,sad,0
data/raw/ravdess/Actor_10/03-01-06-02-01-01-10.wav,10,fearful,1
data/raw/ravdess/Actor_10/03-01-05-02-01-02-10.wav,10,angry,1
data/raw/ravdess/Actor_10/03-01-05-01-02-02-10.wav,10,angry,1
data/raw/ravdess/Actor_10/03-01-06-01-02-01-10.wav,10,fearful,1
data/raw/ravdess/Actor_10/03-01-01-01-02-01-10.wav,10,neutral,0
data/raw/ravdess/Actor_10/03-01-02-01-02-02-10.wav,10,calm,0
data/raw/ravdess/Actor_10/03-01-02-02-01-02-10.wav,10,calm,0
data/raw/ravdess/Actor_10/03-01-03-01-01-01-10.wav,10,happy,0
data/raw/ravdess/Actor_10/03-01-03-02-02-01-10.wav,10,happy,0
data/raw/ravdess/Actor_10/03-01-02-01-01-01-10.wav,10,calm,0
data/raw/ravdess/Actor_10/03-01-01-01-01-02-10.wav,10,neutral,0
data/raw/ravdess/Actor_10/03-01-02-02-02-01-10.wav,10,calm,0
data/raw/ravdess/Actor_10/03-01-03-01-02-02-10.wav,10,happy,0
data/raw/ravdess/Actor_10/03-01-03-02-01-02-10.wav,10,happy,0
data/raw/ravdess/Actor_10/03-01-07-02-01-01-10.wav,10,disgust,1
data/raw/ravdess/Actor_10/03-01-04-02-01-02-10.wav,10,sad,0
data/raw/ravdess/Actor_10/03-01-04-01-02-02-10.wav,10,sad,0
data/raw/ravdess/Actor_10/03-01-07-01-02-01-10.wav,10,disgust,1
data/raw/ravdess/Actor_10/03-01-05-02-02-01-10.wav,10,angry,1
data/raw/ravdess/Actor_10/03-01-06-02-02-02-10.wav,10,fearful,1
data/raw/ravdess/Actor_10/03-01-06-01-01-02-10.wav,10,fearful,1
data/raw/ravdess/Actor_10/03-01-05-01-01-01-10.wav,10,angry,1
data/raw/ravdess/Actor_11/03-01-01-01-02-02-11.wav,11,neutral,0
data/raw/ravdess/Actor_11/03-01-02-01-02-01-11.wav,11,calm,0
data/raw/ravdess/Actor_11/03-01-02-02-01-01-11.wav,11,calm,0
data/raw/ravdess/Actor_11/03-01-03-01-01-02-11.wav,11,happy,0
data/raw/ravdess/Actor_11/03-01-03-02-02-02-11.wav,11,happy,0
data/raw/ravdess/Actor_11/03-01-04-02-02-02-11.wav,11,sad,0
data/raw/ravdess/Actor_11/03-01-07-02-02-01-11.wav,11,disgust,1
data/raw/ravdess/Actor_11/03-01-07-01-01-01-11.wav,11,disgust,1
data/raw/ravdess/Actor_11/03-01-04-01-01-02-11.wav,11,sad,0
data/raw/ravdess/Actor_11/03-01-06-02-01-02-11.wav,11,fearful,1
data/raw/ravdess/Actor_11/03-01-05-02-01-01-11.wav,11,angry,1
data/raw/ravdess/Actor_11/03-01-05-01-02-01-11.wav,11,angry,1
data/raw/ravdess/Actor_11/03-01-06-01-02-02-11.wav,11,fearful,1
data/raw/ravdess/Actor_11/03-01-07-02-01-02-11.wav,11,disgust,1
data/raw/ravdess/Actor_11/03-01-04-02-01-01-11.wav,11,sad,0
data/raw/ravdess/Actor_11/03-01-04-01-02-01-11.wav,11,sad,0
data/raw/ravdess/Actor_11/03-01-07-01-02-02-11.wav,11,disgust,1
data/raw/ravdess/Actor_11/03-01-05-02-02-02-11.wav,11,angry,1
data/raw/ravdess/Actor_11/03-01-06-02-02-01-11.wav,11,fearful,1
data/raw/ravdess/Actor_11/03-01-06-01-01-01-11.wav,11,fearful,1
data/raw/ravdess/Actor_11/03-01-05-01-01-02-11.wav,11,angry,1
data/raw/ravdess/Actor_11/03-01-02-01-01-02-11.wav,11,calm,0
data/raw/ravdess/Actor_11/03-01-01-01-01-01-11.wav,11,neutral,0
data/raw/ravdess/Actor_11/03-01-02-02-02-02-11.wav,11,calm,0
data/raw/ravdess/Actor_11/03-01-03-01-02-01-11.wav,11,happy,0
data/raw/ravdess/Actor_11/03-01-03-02-01-01-11.wav,11,happy,0
data/raw/ravdess/Actor_11/03-01-06-01-02-01-11.wav,11,fearful,1
data/raw/ravdess/Actor_11/03-01-05-01-02-02-11.wav,11,angry,1
data/raw/ravdess/Actor_11/03-01-05-02-01-02-11.wav,11,angry,1
data/raw/ravdess/Actor_11/03-01-06-02-01-01-11.wav,11,fearful,1
data/raw/ravdess/Actor_11/03-01-04-01-01-01-11.wav,11,sad,0
data/raw/ravdess/Actor_11/03-01-07-01-01-02-11.wav,11,disgust,1
data/raw/ravdess/Actor_11/03-01-07-02-02-02-11.wav,11,disgust,1
data/raw/ravdess/Actor_11/03-01-04-02-02-01-11.wav,11,sad,0
data/raw/ravdess/Actor_11/03-01-03-02-02-01-11.wav,11,happy,0
data/raw/ravdess/Actor_11/03-01-03-01-01-01-11.wav,11,happy,0
data/raw/ravdess/Actor_11/03-01-02-02-01-02-11.wav,11,calm,0
data/raw/ravdess/Actor_11/03-01-02-01-02-02-11.wav,11,calm,0
data/raw/ravdess/Actor_11/03-01-01-01-02-01-11.wav,11,neutral,0
data/raw/ravdess/Actor_11/03-01-03-02-01-02-11.wav,11,happy,0
data/raw/ravdess/Actor_11/03-01-03-01-02-02-11.wav,11,happy,0
data/raw/ravdess/Actor_11/03-01-02-02-02-01-11.wav,11,calm,0
data/raw/ravdess/Actor_11/03-01-01-01-01-02-11.wav,11,neutral,0
data/raw/ravdess/Actor_11/03-01-02-01-01-01-11.wav,11,calm,0
data/raw/ravdess/Actor_11/03-01-05-01-01-01-11.wav,11,angry,1
data/raw/ravdess/Actor_11/03-01-06-01-01-02-11.wav,11,fearful,1
data/raw/ravdess/Actor_11/03-01-06-02-02-02-11.wav,11,fearful,1
data/raw/ravdess/Actor_11/03-01-05-02-02-01-11.wav,11,angry,1
data/raw/ravdess/Actor_11/03-01-07-01-02-01-11.wav,11,disgust,1
data/raw/ravdess/Actor_11/03-01-04-01-02-02-11.wav,11,sad,0
data/raw/ravdess/Actor_11/03-01-04-02-01-02-11.wav,11,sad,0
data/raw/ravdess/Actor_11/03-01-07-02-01-01-11.wav,11,disgust,1
data/raw/ravdess/Actor_12/03-01-02-01-02-01-12.wav,12,calm,0
data/raw/ravdess/Actor_12/03-01-01-01-02-02-12.wav,12,neutral,0
data/raw/ravdess/Actor_12/03-01-02-02-01-01-12.wav,12,calm,0
data/raw/ravdess/Actor_12/03-01-03-01-01-02-12.wav,12,happy,0
data/raw/ravdess/Actor_12/03-01-03-02-02-02-12.wav,12,happy,0
data/raw/ravdess/Actor_12/03-01-07-02-02-01-12.wav,12,disgust,1
data/raw/ravdess/Actor_12/03-01-04-02-02-02-12.wav,12,sad,0
data/raw/ravdess/Actor_12/03-01-04-01-01-02-12.wav,12,sad,0
data/raw/ravdess/Actor_12/03-01-07-01-01-01-12.wav,12,disgust,1
data/raw/ravdess/Actor_12/03-01-05-02-01-01-12.wav,12,angry,1
data/raw/ravdess/Actor_12/03-01-06-02-01-02-12.wav,12,fearful,1
data/raw/ravdess/Actor_12/03-01-06-01-02-02-12.wav,12,fearful,1
data/raw/ravdess/Actor_12/03-01-05-01-02-01-12.wav,12,angry,1
data/raw/ravdess/Actor_12/03-01-04-02-01-01-12.wav,12,sad,0
data/raw/ravdess/Actor_12/03-01-07-02-01-02-12.wav,12,disgust,1
data/raw/ravdess/Actor_12/03-01-07-01-02-02-12.wav,12,disgust,1
data/raw/ravdess/Actor_12/03-01-04-01-02-01-12.wav,12,sad,0
data/raw/ravdess/Actor_12/03-01-06-02-02-01-12.wav,12,fearful,1
data/raw/ravdess/Actor_12/03-01-05-02-02-02-12.wav,12,angry,1
data/raw/ravdess/Actor_12/03-01-05-01-01-02-12.wav,12,angry,1
data/raw/ravdess/Actor_12/03-01-06-01-01-01-12.wav,12,fearful,1
data/raw/ravdess/Actor_12/03-01-01-01-01-01-12.wav,12,neutral,0
data/raw/ravdess/Actor_12/03-01-02-01-01-02-12.wav,12,calm,0
data/raw/ravdess/Actor_12/03-01-02-02-02-02-12.wav,12,calm,0
data/raw/ravdess/Actor_12/03-01-03-01-02-01-12.wav,12,happy,0
data/raw/ravdess/Actor_12/03-01-03-02-01-01-12.wav,12,happy,0
data/raw/ravdess/Actor_12/03-01-05-01-02-02-12.wav,12,angry,1
data/raw/ravdess/Actor_12/03-01-06-01-02-01-12.wav,12,fearful,1
data/raw/ravdess/Actor_12/03-01-06-02-01-01-12.wav,12,fearful,1
data/raw/ravdess/Actor_12/03-01-05-02-01-02-12.wav,12,angry,1
data/raw/ravdess/Actor_12/03-01-07-01-01-02-12.wav,12,disgust,1
data/raw/ravdess/Actor_12/03-01-04-01-01-01-12.wav,12,sad,0
data/raw/ravdess/Actor_12/03-01-04-02-02-01-12.wav,12,sad,0
data/raw/ravdess/Actor_12/03-01-07-02-02-02-12.wav,12,disgust,1
data/raw/ravdess/Actor_12/03-01-03-02-02-01-12.wav,12,happy,0
data/raw/ravdess/Actor_12/03-01-03-01-01-01-12.wav,12,happy,0
data/raw/ravdess/Actor_12/03-01-02-02-01-02-12.wav,12,calm,0
data/raw/ravdess/Actor_12/03-01-01-01-02-01-12.wav,12,neutral,0
data/raw/ravdess/Actor_12/03-01-02-01-02-02-12.wav,12,calm,0
data/raw/ravdess/Actor_12/03-01-03-02-01-02-12.wav,12,happy,0
data/raw/ravdess/Actor_12/03-01-03-01-02-02-12.wav,12,happy,0
data/raw/ravdess/Actor_12/03-01-02-02-02-01-12.wav,12,calm,0
data/raw/ravdess/Actor_12/03-01-02-01-01-01-12.wav,12,calm,0
data/raw/ravdess/Actor_12/03-01-01-01-01-02-12.wav,12,neutral,0
data/raw/ravdess/Actor_12/03-01-06-01-01-02-12.wav,12,fearful,1
data/raw/ravdess/Actor_12/03-01-05-01-01-01-12.wav,12,angry,1
data/raw/ravdess/Actor_12/03-01-05-02-02-01-12.wav,12,angry,1
data/raw/ravdess/Actor_12/03-01-06-02-02-02-12.wav,12,fearful,1
data/raw/ravdess/Actor_12/03-01-04-01-02-02-12.wav,12,sad,0
data/raw/ravdess/Actor_12/03-01-07-01-02-01-12.wav,12,disgust,1
data/raw/ravdess/Actor_12/03-01-07-02-01-01-12.wav,12,disgust,1
data/raw/ravdess/Actor_12/03-01-04-02-01-02-12.wav,12,sad,0
data/raw/ravdess/Actor_13/03-01-03-02-02-02-13.wav,13,happy,0
data/raw/ravdess/Actor_13/03-01-03-01-01-02-13.wav,13,happy,0
data/raw/ravdess/Actor_13/03-01-02-02-01-01-13.wav,13,calm,0
data/raw/ravdess/Actor_13/03-01-01-01-02-02-13.wav,13,neutral,0
data/raw/ravdess/Actor_13/03-01-02-01-02-01-13.wav,13,calm,0
data/raw/ravdess/Actor_13/03-01-05-01-02-01-13.wav,13,angry,1
data/raw/ravdess/Actor_13/03-01-06-01-02-02-13.wav,13,fearful,1
data/raw/ravdess/Actor_13/03-01-06-02-01-02-13.wav,13,fearful,1
data/raw/ravdess/Actor_13/03-01-05-02-01-01-13.wav,13,angry,1
data/raw/ravdess/Actor_13/03-01-07-01-01-01-13.wav,13,disgust,1
data/raw/ravdess/Actor_13/03-01-04-01-01-02-13.wav,13,sad,0
data/raw/ravdess/Actor_13/03-01-04-02-02-02-13.wav,13,sad,0
data/raw/ravdess/Actor_13/03-01-07-02-02-01-13.wav,13,disgust,1
data/raw/ravdess/Actor_13/03-01-06-01-01-01-13.wav,13,fearful,1
data/raw/ravdess/Actor_13/03-01-05-01-01-02-13.wav,13,angry,1
data/raw/ravdess/Actor_13/03-01-05-02-02-02-13.wav,13,angry,1
data/raw/ravdess/Actor_13/03-01-06-02-02-01-13.wav,13,fearful,1
data/raw/ravdess/Actor_13/03-01-04-01-02-01-13.wav,13,sad,0
data/raw/ravdess/Actor_13/03-01-07-01-02-02-13.wav,13,disgust,1
data/raw/ravdess/Actor_13/03-01-07-02-01-02-13.wav,13,disgust,1
data/raw/ravdess/Actor_13/03-01-04-02-01-01-13.wav,13,sad,0
data/raw/ravdess/Actor_13/03-01-03-02-01-01-13.wav,13,happy,0
data/raw/ravdess/Actor_13/03-01-03-01-02-01-13.wav,13,happy,0
data/raw/ravdess/Actor_13/03-01-02-02-02-02-13.wav,13,calm,0
data/raw/ravdess/Actor_13/03-01-02-01-01-02-13.wav,13,calm,0
data/raw/ravdess/Actor_13/03-01-01-01-01-01-13.wav,13,neutral,0
data/raw/ravdess/Actor_13/03-01-07-02-02-02-13.wav,13,disgust,1
data/raw/ravdess/Actor_13/03-01-04-02-02-01-13.wav,13,sad,0
data/raw/ravdess/Actor_13/03-01-04-01-01-01-13.wav,13,sad,0
data/raw/ravdess/Actor_13/03-01-07-01-01-02-13.wav,13,disgust,1
data/raw/ravdess/Actor_13/03-01-05-02-01-02-13.wav,13,angry,1
data/raw/ravdess/Actor_13/03-01-06-02-01-01-13.wav,13,fearful,1
data/raw/ravdess/Actor_13/03-01-06-01-02-01-13.wav,13,fearful,1
data/raw/ravdess/Actor_13/03-01-05-01-02-02-13.wav,13,angry,1
data/raw/ravdess/Actor_13/03-01-02-01-02-02-13.wav,13,calm,0
data/raw/ravdess/Actor_13/03-01-01-01-02-01-13.wav,13,neutral,0
data/raw/ravdess/Actor_13/03-01-02-02-01-02-13.wav,13,calm,0
data/raw/ravdess/Actor_13/03-01-03-01-01-01-13.wav,13,happy,0
data/raw/ravdess/Actor_13/03-01-03-02-02-01-13.wav,13,happy,0
data/raw/ravdess/Actor_13/03-01-01-01-01-02-13.wav,13,neutral,0
data/raw/ravdess/Actor_13/03-01-02-01-01-01-13.wav,13,calm,0
data/raw/ravdess/Actor_13/03-01-02-02-02-01-13.wav,13,calm,0
data/raw/ravdess/Actor_13/03-01-03-01-02-02-13.wav,13,happy,0
data/raw/ravdess/Actor_13/03-01-03-02-01-02-13.wav,13,happy,0
data/raw/ravdess/Actor_13/03-01-04-02-01-02-13.wav,13,sad,0
data/raw/ravdess/Actor_13/03-01-07-02-01-01-13.wav,13,disgust,1
data/raw/ravdess/Actor_13/03-01-07-01-02-01-13.wav,13,disgust,1
data/raw/ravdess/Actor_13/03-01-04-01-02-02-13.wav,13,sad,0
data/raw/ravdess/Actor_13/03-01-06-02-02-02-13.wav,13,fearful,1
data/raw/ravdess/Actor_13/03-01-05-02-02-01-13.wav,13,angry,1
data/raw/ravdess/Actor_13/03-01-05-01-01-01-13.wav,13,angry,1
data/raw/ravdess/Actor_13/03-01-06-01-01-02-13.wav,13,fearful,1
data/raw/ravdess/Actor_14/03-01-04-02-02-02-14.wav,14,sad,0
data/raw/ravdess/Actor_14/03-01-07-02-02-01-14.wav,14,disgust,1
data/raw/ravdess/Actor_14/03-01-07-01-01-01-14.wav,14,disgust,1
data/raw/ravdess/Actor_14/03-01-04-01-01-02-14.wav,14,sad,0
data/raw/ravdess/Actor_14/03-01-06-02-01-02-14.wav,14,fearful,1
data/raw/ravdess/Actor_14/03-01-05-02-01-01-14.wav,14,angry,1
data/raw/ravdess/Actor_14/03-01-05-01-02-01-14.wav,14,angry,1
data/raw/ravdess/Actor_14/03-01-06-01-02-02-14.wav,14,fearful,1
data/raw/ravdess/Actor_14/03-01-01-01-02-02-14.wav,14,neutral,0
data/raw/ravdess/Actor_14/03-01-02-01-02-01-14.wav,14,calm,0
data/raw/ravdess/Actor_14/03-01-02-02-01-01-14.wav,14,calm,0
data/raw/ravdess/Actor_14/03-01-03-01-01-02-14.wav,14,happy,0
data/raw/ravdess/Actor_14/03-01-03-02-02-02-14.wav,14,happy,0
data/raw/ravdess/Actor_14/03-01-02-01-01-02-14.wav,14,calm,0
data/raw/ravdess/Actor_14/03-01-01-01-01-01-14.wav,14,neutral,0
data/raw/ravdess/Actor_14/03-01-02-02-02-02-14.wav,14,calm,0
data/raw/ravdess/Actor_14/03-01-03-01-02-01-14.wav,14,happy,0
data/raw/ravdess/Actor_14/03-01-03-02-01-01-14.wav,14,happy,0
data/raw/ravdess/Actor_14/03-01-07-02-01-02-14.wav,14,disgust,1
data/raw/ravdess/Actor_14/03-01-04-02-01-01-14.wav,14,sad,0
data/raw/ravdess/Actor_14/03-01-04-01-02-01-14.wav,14,sad,0
data/raw/ravdess/Actor_14/03-01-07-01-02-02-14.wav,14,disgust,1
data/raw/ravdess/Actor_14/03-01-05-02-02-02-14.wav,14,angry,1
data/raw/ravdess/Actor_14/03-01-06-02-02-01-14.wav,14,fearful,1
data/raw/ravdess/Actor_14/03-01-06-01-01-01-14.wav,14,fearful,1
data/raw/ravdess/Actor_14/03-01-05-01-01-02-14.wav,14,angry,1
data/raw/ravdess/Actor_14/03-01-03-02-02-01-14.wav,14,happy,0
data/raw/ravdess/Actor_14/03-01-03-01-01-01-14.wav,14,happy,0
data/raw/ravdess/Actor_14/03-01-02-02-01-02-14.wav,14,calm,0
data/raw/ravdess/Actor_14/03-01-02-01-02-02-14.wav,14,calm,0
data/raw/ravdess/Actor_14/03-01-01-01-02-01-14.wav,14,neutral,0
data/raw/ravdess/Actor_14/03-01-06-01-02-01-14.wav,14,fearful,1
data/raw/ravdess/Actor_14/03-01-05-01-02-02-14.wav,14,angry,1
data/raw/ravdess/Actor_14/03-01-05-02-01-02-14.wav,14,angry,1
data/raw/ravdess/Actor_14/03-01-06-02-01-01-14.wav,14,fearful,1
data/raw/ravdess/Actor_14/03-01-04-01-01-01-14.wav,14,sad,0
data/raw/ravdess/Actor_14/03-01-07-01-01-02-14.wav,14,disgust,1
data/raw/ravdess/Actor_14/03-01-07-02-02-02-14.wav,14,disgust,1
data/raw/ravdess/Actor_14/03-01-04-02-02-01-14.wav,14,sad,0
data/raw/ravdess/Actor_14/03-01-05-01-01-01-14.wav,14,angry,1
data/raw/ravdess/Actor_14/03-01-06-01-01-02-14.wav,14,fearful,1
data/raw/ravdess/Actor_14/03-01-06-02-02-02-14.wav,14,fearful,1
data/raw/ravdess/Actor_14/03-01-05-02-02-01-14.wav,14,angry,1
data/raw/ravdess/Actor_14/03-01-07-01-02-01-14.wav,14,disgust,1
data/raw/ravdess/Actor_14/03-01-04-01-02-02-14.wav,14,sad,0
data/raw/ravdess/Actor_14/03-01-04-02-01-02-14.wav,14,sad,0
data/raw/ravdess/Actor_14/03-01-07-02-01-01-14.wav,14,disgust,1
data/raw/ravdess/Actor_14/03-01-03-02-01-02-14.wav,14,happy,0
data/raw/ravdess/Actor_14/03-01-03-01-02-02-14.wav,14,happy,0
data/raw/ravdess/Actor_14/03-01-02-02-02-01-14.wav,14,calm,0
data/raw/ravdess/Actor_14/03-01-01-01-01-02-14.wav,14,neutral,0
data/raw/ravdess/Actor_14/03-01-02-01-01-01-14.wav,14,calm,0
data/raw/ravdess/Actor_15/03-01-06-01-02-02-15.wav,15,fearful,1
data/raw/ravdess/Actor_15/03-01-05-01-02-01-15.wav,15,angry,1
data/raw/ravdess/Actor_15/03-01-05-02-01-01-15.wav,15,angry,1
data/raw/ravdess/Actor_15/03-01-06-02-01-02-15.wav,15,fearful,1
data/raw/ravdess/Actor_15/03-01-04-01-01-02-15.wav,15,sad,0
data/raw/ravdess/Actor_15/03-01-07-01-01-01-15.wav,15,disgust,1
data/raw/ravdess/Actor_15/03-01-07-02-02-01-15.wav,15,disgust,1
data/raw/ravdess/Actor_15/03-01-04-02-02-02-15.wav,15,sad,0
data/raw/ravdess/Actor_15/03-01-03-02-02-02-15.wav,15,happy,0
data/raw/ravdess/Actor_15/03-01-03-01-01-02-15.wav,15,happy,0
data/raw/ravdess/Actor_15/03-01-02-02-01-01-15.wav,15,calm,0
data/raw/ravdess/Actor_15/03-01-02-01-02-01-15.wav,15,calm,0
data/raw/ravdess/Actor_15/03-01-01-01-02-02-15.wav,15,neutral,0
data/raw/ravdess/Actor_15/03-01-03-02-01-01-15.wav,15,happy,0
data/raw/ravdess/Actor_15/03-01-03-01-02-01-15.wav,15,happy,0
data/raw/ravdess/Actor_15/03-01-02-02-02-02-15.wav,15,calm,0
data/raw/ravdess/Actor_15/03-01-01-01-01-01-15.wav,15,neutral,0
data/raw/ravdess/Actor_15/03-01-02-01-01-02-15.wav,15,calm,0
data/raw/ravdess/Actor_15/03-01-05-01-01-02-15.wav,15,angry,1
data/raw/ravdess/Actor_15/03-01-06-01-01-01-15.wav,15,fearful,1
data/raw/ravdess/Actor_15/03-01-06-02-02-01-15.wav,15,fearful,1
data/raw/ravdess/Actor_15/03-01-05-02-02-02-15.wav,15,angry,1
data/raw/ravdess/Actor_15/03-01-07-01-02-02-15.wav,15,disgust,1
data/raw/ravdess/Actor_15/03-01-04-01-02-01-15.wav,15,sad,0
data/raw/ravdess/Actor_15/03-01-04-02-01-01-15.wav,15,sad,0
data/raw/ravdess/Actor_15/03-01-07-02-01-02-15.wav,15,disgust,1
data/raw/ravdess/Actor_15/03-01-01-01-02-01-15.wav,15,neutral,0
data/raw/ravdess/Actor_15/03-01-02-01-02-02-15.wav,15,calm,0
data/raw/ravdess/Actor_15/03-01-02-02-01-02-15.wav,15,calm,0
data/raw/ravdess/Actor_15/03-01-03-01-01-01-15.wav,15,happy,0
data/raw/ravdess/Actor_15/03-01-03-02-02-01-15.wav,15,happy,0
data/raw/ravdess/Actor_15/03-01-04-02-02-01-15.wav,15,sad,0
data/raw/ravdess/Actor_15/03-01-07-02-02-02-15.wav,15,disgust,1
data/raw/ravdess/Actor_15/03-01-07-01-01-02-15.wav,15,disgust,1
data/raw/ravdess/Actor_15/03-01-04-01-01-01-15.wav,15,sad,0
data/raw/ravdess/Actor_15/03-01-06-02-01-01-15.wav,15,fearful,1
data/raw/ravdess/Actor_15/03-01-05-02-01-02-15.wav,15,angry,1
data/raw/ravdess/Actor_15/03-01-05-01-02-02-15.wav,15,angry,1
data/raw/ravdess/Actor_15/03-01-06-01-02-01-15.wav,15,fearful,1
data/raw/ravdess/Actor_15/03-01-07-02-01-01-15.wav,15,disgust,1
data/raw/ravdess/Actor_15/03-01-04-02-01-02-15.wav,15,sad,0
data/raw/ravdess/Actor_15/03-01-04-01-02-02-15.wav,15,sad,0
data/raw/ravdess/Actor_15/03-01-07-01-02-01-15.wav,15,disgust,1
data/raw/ravdess/Actor_15/03-01-05-02-02-01-15.wav,15,angry,1
data/raw/ravdess/Actor_15/03-01-06-02-02-02-15.wav,15,fearful,1
data/raw/ravdess/Actor_15/03-01-06-01-01-02-15.wav,15,fearful,1
data/raw/ravdess/Actor_15/03-01-05-01-01-01-15.wav,15,angry,1
data/raw/ravdess/Actor_15/03-01-02-01-01-01-15.wav,15,calm,0
data/raw/ravdess/Actor_15/03-01-01-01-01-02-15.wav,15,neutral,0
data/raw/ravdess/Actor_15/03-01-02-02-02-01-15.wav,15,calm,0
data/raw/ravdess/Actor_15/03-01-03-01-02-02-15.wav,15,happy,0
data/raw/ravdess/Actor_15/03-01-03-02-01-02-15.wav,15,happy,0
data/raw/ravdess/Actor_16/03-01-05-01-02-01-16.wav,16,angry,1
data/raw/ravdess/Actor_16/03-01-06-01-02-02-16.wav,16,fearful,1
data/raw/ravdess/Actor_16/03-01-06-02-01-02-16.wav,16,fearful,1
data/raw/ravdess/Actor_16/03-01-05-02-01-01-16.wav,16,angry,1
data/raw/ravdess/Actor_16/03-01-07-01-01-01-16.wav,16,disgust,1
data/raw/ravdess/Actor_16/03-01-04-01-01-02-16.wav,16,sad,0
data/raw/ravdess/Actor_16/03-01-04-02-02-02-16.wav,16,sad,0
data/raw/ravdess/Actor_16/03-01-07-02-02-01-16.wav,16,disgust,1
data/raw/ravdess/Actor_16/03-01-03-02-02-02-16.wav,16,happy,0
data/raw/ravdess/Actor_16/03-01-03-01-01-02-16.wav,16,happy,0
data/raw/ravdess/Actor_16/03-01-02-02-01-01-16.wav,16,calm,0
data/raw/ravdess/Actor_16/03-01-01-01-02-02-16.wav,16,neutral,0
data/raw/ravdess/Actor_16/03-01-02-01-02-01-16.wav,16,calm,0
data/raw/ravdess/Actor_16/03-01-03-02-01-01-16.wav,16,happy,0
data/raw/ravdess/Actor_16/03-01-03-01-02-01-16.wav,16,happy,0
data/raw/ravdess/Actor_16/03-01-02-02-02-02-16.wav,16,calm,0
data/raw/ravdess/Actor_16/03-01-02-01-01-02-16.wav,16,calm,0
data/raw/ravdess/Actor_16/03-01-01-01-01-01-16.wav,16,neutral,0
data/raw/ravdess/Actor_16/03-01-06-01-01-01-16.wav,16,fearful,1
data/raw/ravdess/Actor_16/03-01-05-01-01-02-16.wav,16,angry,1
data/raw/ravdess/Actor_16/03-01-05-02-02-02-16.wav,16,angry,1
data/raw/ravdess/Actor_16/03-01-06-02-02-01-16.wav,16,fearful,1
data/raw/ravdess/Actor_16/03-01-04-01-02-01-16.wav,16,sad,0
data/raw/ravdess/Actor_16/03-01-07-01-02-02-16.wav,16,disgust,1
data/raw/ravdess/Actor_16/03-01-07-02-01-02-16.wav,16,disgust,1
data/raw/ravdess/Actor_16/03-01-04-02-01-01-16.wav,16,sad,0
data/raw/ravdess/Actor_16/03-01-02-01-02-02-16.wav,16,calm,0
data/raw/ravdess/Actor_16/03-01-01-01-02-01-16.wav,16,neutral,0
data/raw/ravdess/Actor_16/03-01-02-02-01-02-16.wav,16,calm,0
data/raw/ravdess/Actor_16/03-01-03-01-01-01-16.wav,16,happy,0
data/raw/ravdess/Actor_16/03-01-03-02-02-01-16.wav,16,happy,0
data/raw/ravdess/Actor_16/03-01-07-02-02-02-16.wav,16,disgust,1
data/raw/ravdess/Actor_16/03-01-04-02-02-01-16.wav,16,sad,0
data/raw/ravdess/Actor_16/03-01-04-01-01-01-16.wav,16,sad,0
data/raw/ravdess/Actor_16/03-01-07-01-01-02-16.wav,16,disgust,1
data/raw/ravdess/Actor_16/03-01-05-02-01-02-16.wav,16,angry,1
data/raw/ravdess/Actor_16/03-01-06-02-01-01-16.wav,16,fearful,1
data/raw/ravdess/Actor_16/03-01-06-01-02-01-16.wav,16,fearful,1
data/raw/ravdess/Actor_16/03-01-05-01-02-02-16.wav,16,angry,1
data/raw/ravdess/Actor_16/03-01-04-02-01-02-16.wav,16,sad,0
data/raw/ravdess/Actor_16/03-01-07-02-01-01-16.wav,16,disgust,1
data/raw/ravdess/Actor_16/03-01-07-01-02-01-16.wav,16,disgust,1
data/raw/ravdess/Actor_16/03-01-04-01-02-02-16.wav,16,sad,0
data/raw/ravdess/Actor_16/03-01-06-02-02-02-16.wav,16,fearful,1
data/raw/ravdess/Actor_16/03-01-05-02-02-01-16.wav,16,angry,1
data/raw/ravdess/Actor_16/03-01-05-01-01-01-16.wav,16,angry,1
data/raw/ravdess/Actor_16/03-01-06-01-01-02-16.wav,16,fearful,1
data/raw/ravdess/Actor_16/03-01-01-01-01-02-16.wav,16,neutral,0
data/raw/ravdess/Actor_16/03-01-02-01-01-01-16.wav,16,calm,0
data/raw/ravdess/Actor_16/03-01-02-02-02-01-16.wav,16,calm,0
data/raw/ravdess/Actor_16/03-01-03-01-02-02-16.wav,16,happy,0
data/raw/ravdess/Actor_16/03-01-03-02-01-02-16.wav,16,happy,0
data/raw/ravdess/Actor_17/03-01-07-02-02-01-17.wav,17,disgust,1
data/raw/ravdess/Actor_17/03-01-04-02-02-02-17.wav,17,sad,0
data/raw/ravdess/Actor_17/03-01-04-01-01-02-17.wav,17,sad,0
data/raw/ravdess/Actor_17/03-01-07-01-01-01-17.wav,17,disgust,1
data/raw/ravdess/Actor_17/03-01-05-02-01-01-17.wav,17,angry,1
data/raw/ravdess/Actor_17/03-01-06-02-01-02-17.wav,17,fearful,1
data/raw/ravdess/Actor_17/03-01-06-01-02-02-17.wav,17,fearful,1
data/raw/ravdess/Actor_17/03-01-05-01-02-01-17.wav,17,angry,1
data/raw/ravdess/Actor_17/03-01-02-01-02-01-17.wav,17,calm,0
data/raw/ravdess/Actor_17/03-01-01-01-02-02-17.wav,17,neutral,0
data/raw/ravdess/Actor_17/03-01-02-02-01-01-17.wav,17,calm,0
data/raw/ravdess/Actor_17/03-01-03-01-01-02-17.wav,17,happy,0
data/raw/ravdess/Actor_17/03-01-03-02-02-02-17.wav,17,happy,0
data/raw/ravdess/Actor_17/03-01-01-01-01-01-17.wav,17,neutral,0
data/raw/ravdess/Actor_17/03-01-02-01-01-02-17.wav,17,calm,0
data/raw/ravdess/Actor_17/03-01-02-02-02-02-17.wav,17,calm,0
data/raw/ravdess/Actor_17/03-01-03-01-02-01-17.wav,17,happy,0
data/raw/ravdess/Actor_17/03-01-03-02-01-01-17.wav,17,happy,0
data/raw/ravdess/Actor_17/03-01-04-02-01-01-17.wav,17,sad,0
data/raw/ravdess/Actor_17/03-01-07-02-01-02-17.wav,17,disgust,1
data/raw/ravdess/Actor_17/03-01-07-01-02-02-17.wav,17,disgust,1
data/raw/ravdess/Actor_17/03-01-04-01-02-01-17.wav,17,sad,0
data/raw/ravdess/Actor_17/03-01-06-02-02-01-17.wav,17,fearful,1
data/raw/ravdess/Actor_17/03-01-05-02-02-02-17.wav,17,angry,1
data/raw/ravdess/Actor_17/03-01-05-01-01-02-17.wav,17,angry,1
data/raw/ravdess/Actor_17/03-01-06-01-01-01-17.wav,17,fearful,1
data/raw/ravdess/Actor_17/03-01-03-02-02-01-17.wav,17,happy,0
data/raw/ravdess/Actor_17/03-01-03-01-01-01-17.wav,17,happy,0
data/raw/ravdess/Actor_17/03-01-02-02-01-02-17.wav,17,calm,0
data/raw/ravdess/Actor_17/03-01-01-01-02-01-17.wav,17,neutral,0
data/raw/ravdess/Actor_17/03-01-02-01-02-02-17.wav,17,calm,0
data/raw/ravdess/Actor_17/03-01-05-01-02-02-17.wav,17,angry,1
data/raw/ravdess/Actor_17/03-01-06-01-02-01-17.wav,17,fearful,1
data/raw/ravdess/Actor_17/03-01-06-02-01-01-17.wav,17,fearful,1
data/raw/ravdess/Actor_17/03-01-05-02-01-02-17.wav,17,angry,1
data/raw/ravdess/Actor_17/03-01-07-01-01-02-17.wav,17,disgust,1
data/raw/ravdess/Actor_17/03-01-04-01-01-01-17.wav,17,sad,0
data/raw/ravdess/Actor_17/03-01-04-02-02-01-17.wav,17,sad,0
data/raw/ravdess/Actor_17/03-01-07-02-02-02-17.wav,17,disgust,1
data/raw/ravdess/Actor_17/03-01-06-01-01-02-17.wav,17,fearful,1
data/raw/ravdess/Actor_17/03-01-05-01-01-01-17.wav,17,angry,1
data/raw/ravdess/Actor_17/03-01-05-02-02-01-17.wav,17,angry,1
data/raw/ravdess/Actor_17/03-01-06-02-02-02-17.wav,17,fearful,1
data/raw/ravdess/Actor_17/03-01-04-01-02-02-17.wav,17,sad,0
data/raw/ravdess/Actor_17/03-01-07-01-02-01-17.wav,17,disgust,1
data/raw/ravdess/Actor_17/03-01-07-02-01-01-17.wav,17,disgust,1
data/raw/ravdess/Actor_17/03-01-04-02-01-02-17.wav,17,sad,0
data/raw/ravdess/Actor_17/03-01-03-02-01-02-17.wav,17,happy,0
data/raw/ravdess/Actor_17/03-01-03-01-02-02-17.wav,17,happy,0
data/raw/ravdess/Actor_17/03-01-02-02-02-01-17.wav,17,calm,0
data/raw/ravdess/Actor_17/03-01-02-01-01-01-17.wav,17,calm,0
data/raw/ravdess/Actor_17/03-01-01-01-01-02-17.wav,17,neutral,0
data/raw/ravdess/Actor_18/03-01-03-02-01-02-18.wav,18,happy,0
data/raw/ravdess/Actor_18/03-01-03-01-02-02-18.wav,18,happy,0
data/raw/ravdess/Actor_18/03-01-02-02-02-01-18.wav,18,calm,0
data/raw/ravdess/Actor_18/03-01-02-01-01-01-18.wav,18,calm,0
data/raw/ravdess/Actor_18/03-01-01-01-01-02-18.wav,18,neutral,0
data/raw/ravdess/Actor_18/03-01-06-01-01-02-18.wav,18,fearful,1
data/raw/ravdess/Actor_18/03-01-05-01-01-01-18.wav,18,angry,1
data/raw/ravdess/Actor_18/03-01-05-02-02-01-18.wav,18,angry,1
data/raw/ravdess/Actor_18/03-01-06-02-02-02-18.wav,18,fearful,1
data/raw/ravdess/Actor_18/03-01-04-01-02-02-18.wav,18,sad,0
data/raw/ravdess/Actor_18/03-01-07-01-02-01-18.wav,18,disgust,1
data/raw/ravdess/Actor_18/03-01-07-02-01-01-18.wav,18,disgust,1
data/raw/ravdess/Actor_18/03-01-04-02-01-02-18.wav,18,sad,0
data/raw/ravdess/Actor_18/03-01-05-01-02-02-18.wav,18,angry,1
data/raw/ravdess/Actor_18/03-01-06-01-02-01-18.wav,18,fearful,1
data/raw/ravdess/Actor_18/03-01-06-02-01-01-18.wav,18,fearful,1
data/raw/ravdess/Actor_18/03-01-05-02-01-02-18.wav,18,angry,1
data/raw/ravdess/Actor_18/03-01-07-01-01-02-18.wav,18,disgust,1
data/raw/ravdess/Actor_18/03-01-04-01-01-01-18.wav,18,sad,0
data/raw/ravdess/Actor_18/03-01-04-02-02-01-18.wav,18,sad,0
data/raw/ravdess/Actor_18/03-01-07-02-02-02-18.wav,18,disgust,1
data/raw/ravdess/Actor_18/03-01-03-02-02-01-18.wav,18,happy,0
data/raw/ravdess/Actor_18/03-01-03-01-01-01-18.wav,18,happy,0
data/raw/ravdess/Actor_18/03-01-02-02-01-02-18.wav,18,calm,0
data/raw/ravdess/Actor_18/03-01-01-01-02-01-18.wav,18,neutral,0
data/raw/ravdess/Actor_18/03-01-02-01-02-02-18.wav,18,calm,0
data/raw/ravdess/Actor_18/03-01-04-02-01-01-18.wav,18,sad,0
data/raw/ravdess/Actor_18/03-01-07-02-01-02-18.wav,18,disgust,1
data/raw/ravdess/Actor_18/03-01-07-01-02-02-18.wav,18,disgust,1
data/raw/ravdess/Actor_18/03-01-04-01-02-01-18.wav,18,sad,0
data/raw/ravdess/Actor_18/03-01-06-02-02-01-18.wav,18,fearful,1
data/raw/ravdess/Actor_18/03-01-05-02-02-02-18.wav,18,angry,1
data/raw/ravdess/Actor_18/03-01-05-01-01-02-18.wav,18,angry,1
data/raw/ravdess/Actor_18/03-01-06-01-01-01-18.wav,18,fearful,1
data/raw/ravdess/Actor_18/03-01-01-01-01-01-18.wav,18,neutral,0
data/raw/ravdess/Actor_18/03-01-02-01-01-02-18.wav,18,calm,0
data/raw/ravdess/Actor_18/03-01-02-02-02-02-18.wav,18,calm,0
data/raw/ravdess/Actor_18/03-01-03-01-02-01-18.wav,18,happy,0
data/raw/ravdess/Actor_18/03-01-03-02-01-01-18.wav,18,happy,0
data/raw/ravdess/Actor_18/03-01-02-01-02-01-18.wav,18,calm,0
data/raw/ravdess/Actor_18/03-01-01-01-02-02-18.wav,18,neutral,0
data/raw/ravdess/Actor_18/03-01-02-02-01-01-18.wav,18,calm,0
data/raw/ravdess/Actor_18/03-01-03-01-01-02-18.wav,18,happy,0
data/raw/ravdess/Actor_18/03-01-03-02-02-02-18.wav,18,happy,0
data/raw/ravdess/Actor_18/03-01-07-02-02-01-18.wav,18,disgust,1
data/raw/ravdess/Actor_18/03-01-04-02-02-02-18.wav,18,sad,0
data/raw/ravdess/Actor_18/03-01-04-01-01-02-18.wav,18,sad,0
data/raw/ravdess/Actor_18/03-01-07-01-01-01-18.wav,18,disgust,1
data/raw/ravdess/Actor_18/03-01-05-02-01-01-18.wav,18,angry,1
data/raw/ravdess/Actor_18/03-01-06-02-01-02-18.wav,18,fearful,1
data/raw/ravdess/Actor_18/03-01-06-01-02-02-18.wav,18,fearful,1
data/raw/ravdess/Actor_18/03-01-05-01-02-01-18.wav,18,angry,1
data/raw/ravdess/Actor_19/03-01-01-01-01-02-19.wav,19,neutral,0
data/raw/ravdess/Actor_19/03-01-02-01-01-01-19.wav,19,calm,0
data/raw/ravdess/Actor_19/03-01-02-02-02-01-19.wav,19,calm,0
data/raw/ravdess/Actor_19/03-01-03-01-02-02-19.wav,19,happy,0
data/raw/ravdess/Actor_19/03-01-03-02-01-02-19.wav,19,happy,0
data/raw/ravdess/Actor_19/03-01-04-02-01-02-19.wav,19,sad,0
data/raw/ravdess/Actor_19/03-01-07-02-01-01-19.wav,19,disgust,1
data/raw/ravdess/Actor_19/03-01-07-01-02-01-19.wav,19,disgust,1
data/raw/ravdess/Actor_19/03-01-04-01-02-02-19.wav,19,sad,0
data/raw/ravdess/Actor_19/03-01-06-02-02-02-19.wav,19,fearful,1
data/raw/ravdess/Actor_19/03-01-05-02-02-01-19.wav,19,angry,1
data/raw/ravdess/Actor_19/03-01-05-01-01-01-19.wav,19,angry,1
data/raw/ravdess/Actor_19/03-01-06-01-01-02-19.wav,19,fearful,1
data/raw/ravdess/Actor_19/03-01-07-02-02-02-19.wav,19,disgust,1
data/raw/ravdess/Actor_19/03-01-04-02-02-01-19.wav,19,sad,0
data/raw/ravdess/Actor_19/03-01-04-01-01-01-19.wav,19,sad,0
data/raw/ravdess/Actor_19/03-01-07-01-01-02-19.wav,19,disgust,1
data/raw/ravdess/Actor_19/03-01-05-02-01-02-19.wav,19,angry,1
data/raw/ravdess/Actor_19/03-01-06-02-01-01-19.wav,19,fearful,1
data/raw/ravdess/Actor_19/03-01-06-01-02-01-19.wav,19,fearful,1
data/raw/ravdess/Actor_19/03-01-05-01-02-02-19.wav,19,angry,1
data/raw/ravdess/Actor_19/03-01-02-01-02-02-19.wav,19,calm,0
data/raw/ravdess/Actor_19/03-01-01-01-02-01-19.wav,19,neutral,0
data/raw/ravdess/Actor_19/03-01-02-02-01-02-19.wav,19,calm,0
data/raw/ravdess/Actor_19/03-01-03-01-01-01-19.wav,19,happy,0
data/raw/ravdess/Actor_19/03-01-03-02-02-01-19.wav,19,happy,0
data/raw/ravdess/Actor_19/03-01-06-01-01-01-19.wav,19,fearful,1
data/raw/ravdess/Actor_19/03-01-05-01-01-02-19.wav,19,angry,1
data/raw/ravdess/Actor_19/03-01-05-02-02-02-19.wav,19,angry,1
data/raw/ravdess/Actor_19/03-01-06-02-02-01-19.wav,19,fearful,1
data/raw/ravdess/Actor_19/03-01-04-01-02-01-19.wav,19,sad,0
data/raw/ravdess/Actor_19/03-01-07-01-02-02-19.wav,19,disgust,1
data/raw/ravdess/Actor_19/03-01-07-02-01-02-19.wav,19,disgust,1
data/raw/ravdess/Actor_19/03-01-04-02-01-01-19.wav,19,sad,0
data/raw/ravdess/Actor_19/03-01-03-02-01-01-19.wav,19,happy,0
data/raw/ravdess/Actor_19/03-01-03-01-02-01-19.wav,19,happy,0
data/raw/ravdess/Actor_19/03-01-02-02-02-02-19.wav,19,calm,0
data/raw/ravdess/Actor_19/03-01-02-01-01-02-19.wav,19,calm,0
data/raw/ravdess/Actor_19/03-01-01-01-01-01-19.wav,19,neutral,0
data/raw/ravdess/Actor_19/03-01-03-02-02-02-19.wav,19,happy,0
data/raw/ravdess/Actor_19/03-01-03-01-01-02-19.wav,19,happy,0
data/raw/ravdess/Actor_19/03-01-02-02-01-01-19.wav,19,calm,0
data/raw/ravdess/Actor_19/03-01-01-01-02-02-19.wav,19,neutral,0
data/raw/ravdess/Actor_19/03-01-02-01-02-01-19.wav,19,calm,0
data/raw/ravdess/Actor_19/03-01-05-01-02-01-19.wav,19,angry,1
data/raw/ravdess/Actor_19/03-01-06-01-02-02-19.wav,19,fearful,1
data/raw/ravdess/Actor_19/03-01-06-02-01-02-19.wav,19,fearful,1
data/raw/ravdess/Actor_19/03-01-05-02-01-01-19.wav,19,angry,1
data/raw/ravdess/Actor_19/03-01-07-01-01-01-19.wav,19,disgust,1
data/raw/ravdess/Actor_19/03-01-04-01-01-02-19.wav,19,sad,0
data/raw/ravdess/Actor_19/03-01-04-02-02-02-19.wav,19,sad,0
data/raw/ravdess/Actor_19/03-01-07-02-02-01-19.wav,19,disgust,1
data/raw/ravdess/Actor_20/03-01-04-02-01-02-20.wav,20,sad,0
data/raw/ravdess/Actor_20/03-01-07-02-01-01-20.wav,20,disgust,1
data/raw/ravdess/Actor_20/03-01-07-01-02-01-20.wav,20,disgust,1
data/raw/ravdess/Actor_20/03-01-04-01-02-02-20.wav,20,sad,0
data/raw/ravdess/Actor_20/03-01-06-02-02-02-20.wav,20,fearful,1
data/raw/ravdess/Actor_20/03-01-05-02-02-01-20.wav,20,angry,1
data/raw/ravdess/Actor_20/03-01-05-01-01-01-20.wav,20,angry,1
data/raw/ravdess/Actor_20/03-01-06-01-01-02-20.wav,20,fearful,1
data/raw/ravdess/Actor_20/03-01-01-01-01-02-20.wav,20,neutral,0
data/raw/ravdess/Actor_20/03-01-02-01-01-01-20.wav,20,calm,0
data/raw/ravdess/Actor_20/03-01-02-02-02-01-20.wav,20,calm,0
data/raw/ravdess/Actor_20/03-01-03-01-02-02-20.wav,20,happy,0
data/raw/ravdess/Actor_20/03-01-03-02-01-02-20.wav,20,happy,0
data/raw/ravdess/Actor_20/03-01-02-01-02-02-20.wav,20,calm,0
data/raw/ravdess/Actor_20/03-01-01-01-02-01-20.wav,20,neutral,0
data/raw/ravdess/Actor_20/03-01-02-02-01-02-20.wav,20,calm,0
data/raw/ravdess/Actor_20/03-01-03-01-01-01-20.wav,20,happy,0
data/raw/ravdess/Actor_20/03-01-03-02-02-01-20.wav,20,happy,0
data/raw/ravdess/Actor_20/03-01-07-02-02-02-20.wav,20,disgust,1
data/raw/ravdess/Actor_20/03-01-04-02-02-01-20.wav,20,sad,0
data/raw/ravdess/Actor_20/03-01-04-01-01-01-20.wav,20,sad,0
data/raw/ravdess/Actor_20/03-01-07-01-01-02-20.wav,20,disgust,1
data/raw/ravdess/Actor_20/03-01-05-02-01-02-20.wav,20,angry,1
data/raw/ravdess/Actor_20/03-01-06-02-01-01-20.wav,20,fearful,1
data/raw/ravdess/Actor_20/03-01-06-01-02-01-20.wav,20,fearful,1
data/raw/ravdess/Actor_20/03-01-05-01-02-02-20.wav,20,angry,1
data/raw/ravdess/Actor_20/03-01-03-02-01-01-20.wav,20,happy,0
data/raw/ravdess/Actor_20/03-01-03-01-02-01-20.wav,20,happy,0
data/raw/ravdess/Actor_20/03-01-02-02-02-02-20.wav,20,calm,0
data/raw/ravdess/Actor_20/03-01-02-01-01-02-20.wav,20,calm,0
data/raw/ravdess/Actor_20/03-01-01-01-01-01-20.wav,20,neutral,0
data/raw/ravdess/Actor_20/03-01-06-01-01-01-20.wav,20,fearful,1
data/raw/ravdess/Actor_20/03-01-05-01-01-02-20.wav,20,angry,1
data/raw/ravdess/Actor_20/03-01-05-02-02-02-20.wav,20,angry,1
data/raw/ravdess/Actor_20/03-01-06-02-02-01-20.wav,20,fearful,1
data/raw/ravdess/Actor_20/03-01-04-01-02-01-20.wav,20,sad,0
data/raw/ravdess/Actor_20/03-01-07-01-02-02-20.wav,20,disgust,1
data/raw/ravdess/Actor_20/03-01-07-02-01-02-20.wav,20,disgust,1
data/raw/ravdess/Actor_20/03-01-04-02-01-01-20.wav,20,sad,0
data/raw/ravdess/Actor_20/03-01-05-01-02-01-20.wav,20,angry,1
data/raw/ravdess/Actor_20/03-01-06-01-02-02-20.wav,20,fearful,1
data/raw/ravdess/Actor_20/03-01-06-02-01-02-20.wav,20,fearful,1
data/raw/ravdess/Actor_20/03-01-05-02-01-01-20.wav,20,angry,1
data/raw/ravdess/Actor_20/03-01-07-01-01-01-20.wav,20,disgust,1
data/raw/ravdess/Actor_20/03-01-04-01-01-02-20.wav,20,sad,0
data/raw/ravdess/Actor_20/03-01-04-02-02-02-20.wav,20,sad,0
data/raw/ravdess/Actor_20/03-01-07-02-02-01-20.wav,20,disgust,1
data/raw/ravdess/Actor_20/03-01-03-02-02-02-20.wav,20,happy,0
data/raw/ravdess/Actor_20/03-01-03-01-01-02-20.wav,20,happy,0
data/raw/ravdess/Actor_20/03-01-02-02-01-01-20.wav,20,calm,0
data/raw/ravdess/Actor_20/03-01-01-01-02-02-20.wav,20,neutral,0
data/raw/ravdess/Actor_20/03-01-02-01-02-01-20.wav,20,calm,0
data/raw/ravdess/Actor_21/03-01-06-01-01-02-21.wav,21,fearful,1
data/raw/ravdess/Actor_21/03-01-05-01-01-01-21.wav,21,angry,1
data/raw/ravdess/Actor_21/03-01-05-02-02-01-21.wav,21,angry,1
data/raw/ravdess/Actor_21/03-01-06-02-02-02-21.wav,21,fearful,1
data/raw/ravdess/Actor_21/03-01-04-01-02-02-21.wav,21,sad,0
data/raw/ravdess/Actor_21/03-01-07-01-02-01-21.wav,21,disgust,1
data/raw/ravdess/Actor_21/03-01-07-02-01-01-21.wav,21,disgust,1
data/raw/ravdess/Actor_21/03-01-04-02-01-02-21.wav,21,sad,0
data/raw/ravdess/Actor_21/03-01-03-02-01-02-21.wav,21,happy,0
data/raw/ravdess/Actor_21/03-01-03-01-02-02-21.wav,21,happy,0
data/raw/ravdess/Actor_21/03-01-02-02-02-01-21.wav,21,calm,0
data/raw/ravdess/Actor_21/03-01-02-01-01-01-21.wav,21,calm,0
data/raw/ravdess/Actor_21/03-01-01-01-01-02-21.wav,21,neutral,0
data/raw/ravdess/Actor_21/03-01-03-02-02-01-21.wav,21,happy,0
data/raw/ravdess/Actor_21/03-01-03-01-01-01-21.wav,21,happy,0
data/raw/ravdess/Actor_21/03-01-02-02-01-02-21.wav,21,calm,0
data/raw/ravdess/Actor_21/03-01-01-01-02-01-21.wav,21,neutral,0
data/raw/ravdess/Actor_21/03-01-02-01-02-02-21.wav,21,calm,0
data/raw/ravdess/Actor_21/03-01-05-01-02-02-21.wav,21,angry,1
data/raw/ravdess/Actor_21/03-01-06-01-02-01-21.wav,21,fearful,1
data/raw/ravdess/Actor_21/03-01-06-02-01-01-21.wav,21,fearful,1
data/raw/ravdess/Actor_21/03-01-05-02-01-02-21.wav,21,angry,1
data/raw/ravdess/Actor_21/03-01-07-01-01-02-21.wav,21,disgust,1
data/raw/ravdess/Actor_21/03-01-04-01-01-01-21.wav,21,sad,0
data/raw/ravdess/Actor_21/03-01-04-02-02-01-21.wav,21,sad,0
data/raw/ravdess/Actor_21/03-01-07-02-02-02-21.wav,21,disgust,1
data/raw/ravdess/Actor_21/03-01-01-01-01-01-21.wav,21,neutral,0
data/raw/ravdess/Actor_21/03-01-02-01-01-02-21.wav,21,calm,0
data/raw/ravdess/Actor_21/03-01-02-02-02-02-21.wav,21,calm,0
data/raw/ravdess/Actor_21/03-01-03-01-02-01-21.wav,21,happy,0
data/raw/ravdess/Actor_21/03-01-03-02-01-01-21.wav,21,happy,0
data/raw/ravdess/Actor_21/03-01-04-02-01-01-21.wav,21,sad,0
data/raw/ravdess/Actor_21/03-01-07-02-01-02-21.wav,21,disgust,1
data/raw/ravdess/Actor_21/03-01-07-01-02-02-21.wav,21,disgust,1
data/raw/ravdess/Actor_21/03-01-04-01-02-01-21.wav,21,sad,0
data/raw/ravdess/Actor_21/03-01-06-02-02-01-21.wav,21,fearful,1
data/raw/ravdess/Actor_21/03-01-05-02-02-02-21.wav,21,angry,1
data/raw/ravdess/Actor_21/03-01-05-01-01-02-21.wav,21,angry,1
data/raw/ravdess/Actor_21/03-01-06-01-01-01-21.wav,21,fearful,1
data/raw/ravdess/Actor_21/03-01-07-02-02-01-21.wav,21,disgust,1
data/raw/ravdess/Actor_21/03-01-04-02-02-02-21.wav,21,sad,0
data/raw/ravdess/Actor_21/03-01-04-01-01-02-21.wav,21,sad,0
data/raw/ravdess/Actor_21/03-01-07-01-01-01-21.wav,21,disgust,1
data/raw/ravdess/Actor_21/03-01-05-02-01-01-21.wav,21,angry,1
data/raw/ravdess/Actor_21/03-01-06-02-01-02-21.wav,21,fearful,1
data/raw/ravdess/Actor_21/03-01-06-01-02-02-21.wav,21,fearful,1
data/raw/ravdess/Actor_21/03-01-05-01-02-01-21.wav,21,angry,1
data/raw/ravdess/Actor_21/03-01-02-01-02-01-21.wav,21,calm,0
data/raw/ravdess/Actor_21/03-01-01-01-02-02-21.wav,21,neutral,0
data/raw/ravdess/Actor_21/03-01-02-02-01-01-21.wav,21,calm,0
data/raw/ravdess/Actor_21/03-01-03-01-01-02-21.wav,21,happy,0
data/raw/ravdess/Actor_21/03-01-03-02-02-02-21.wav,21,happy,0
data/raw/ravdess/Actor_22/03-01-05-01-01-01-22.wav,22,angry,1
data/raw/ravdess/Actor_22/03-01-06-01-01-02-22.wav,22,fearful,1
data/raw/ravdess/Actor_22/03-01-06-02-02-02-22.wav,22,fearful,1
data/raw/ravdess/Actor_22/03-01-05-02-02-01-22.wav,22,angry,1
data/raw/ravdess/Actor_22/03-01-07-01-02-01-22.wav,22,disgust,1
data/raw/ravdess/Actor_22/03-01-04-01-02-02-22.wav,22,sad,0
data/raw/ravdess/Actor_22/03-01-04-02-01-02-22.wav,22,sad,0
data/raw/ravdess/Actor_22/03-01-07-02-01-01-22.wav,22,disgust,1
data/raw/ravdess/Actor_22/03-01-03-02-01-02-22.wav,22,happy,0
data/raw/ravdess/Actor_22/03-01-03-01-02-02-22.wav,22,happy,0
data/raw/ravdess/Actor_22/03-01-02-02-02-01-22.wav,22,calm,0
data/raw/ravdess/Actor_22/03-01-01-01-01-02-22.wav,22,neutral,0
data/raw/ravdess/Actor_22/03-01-02-01-01-01-22.wav,22,calm,0
data/raw/ravdess/Actor_22/03-01-03-02-02-01-22.wav,22,happy,0
data/raw/ravdess/Actor_22/03-01-03-01-01-01-22.wav,22,happy,0
data/raw/ravdess/Actor_22/03-01-02-02-01-02-22.wav,22,calm,0
data/raw/ravdess/Actor_22/03-01-02-01-02-02-22.wav,22,calm,0
data/raw/ravdess/Actor_22/03-01-01-01-02-01-22.wav,22,neutral,0
data/raw/ravdess/Actor_22/03-01-06-01-02-01-22.wav,22,fearful,1
data/raw/ravdess/Actor_22/03-01-05-01-02-02-22.wav,22,angry,1
data/raw/ravdess/Actor_22/03-01-05-02-01-02-22.wav,22,angry,1
data/raw/ravdess/Actor_22/03-01-06-02-01-01-22.wav,22,fearful,1
data/raw/ravdess/Actor_22/03-01-04-01-01-01-22.wav,22,sad,0
data/raw/ravdess/Actor_22/03-01-07-01-01-02-22.wav,22,disgust,1
data/raw/ravdess/Actor_22/03-01-07-02-02-02-22.wav,22,disgust,1
data/raw/ravdess/Actor_22/03-01-04-02-02-01-22.wav,22,sad,0
data/raw/ravdess/Actor_22/03-01-02-01-01-02-22.wav,22,calm,0
data/raw/ravdess/Actor_22/03-01-01-01-01-01-22.wav,22,neutral,0
data/raw/ravdess/Actor_22/03-01-02-02-02-02-22.wav,22,calm,0
data/raw/ravdess/Actor_22/03-01-03-01-02-01-22.wav,22,happy,0
data/raw/ravdess/Actor_22/03-01-03-02-01-01-22.wav,22,happy,0
data/raw/ravdess/Actor_22/03-01-07-02-01-02-22.wav,22,disgust,1
data/raw/ravdess/Actor_22/03-01-04-02-01-01-22.wav,22,sad,0
data/raw/ravdess/Actor_22/03-01-04-01-02-01-22.wav,22,sad,0
data/raw/ravdess/Actor_22/03-01-07-01-02-02-22.wav,22,disgust,1
data/raw/ravdess/Actor_22/03-01-05-02-02-02-22.wav,22,angry,1
data/raw/ravdess/Actor_22/03-01-06-02-02-01-22.wav,22,fearful,1
data/raw/ravdess/Actor_22/03-01-06-01-01-01-22.wav,22,fearful,1
data/raw/ravdess/Actor_22/03-01-05-01-01-02-22.wav,22,angry,1
data/raw/ravdess/Actor_22/03-01-04-02-02-02-22.wav,22,sad,0
data/raw/ravdess/Actor_22/03-01-07-02-02-01-22.wav,22,disgust,1
data/raw/ravdess/Actor_22/03-01-07-01-01-01-22.wav,22,disgust,1
data/raw/ravdess/Actor_22/03-01-04-01-01-02-22.wav,22,sad,0
data/raw/ravdess/Actor_22/03-01-06-02-01-02-22.wav,22,fearful,1
data/raw/ravdess/Actor_22/03-01-05-02-01-01-22.wav,22,angry,1
data/raw/ravdess/Actor_22/03-01-05-01-02-01-22.wav,22,angry,1
data/raw/ravdess/Actor_22/03-01-06-01-02-02-22.wav,22,fearful,1
data/raw/ravdess/Actor_22/03-01-01-01-02-02-22.wav,22,neutral,0
data/raw/ravdess/Actor_22/03-01-02-01-02-01-22.wav,22,calm,0
data/raw/ravdess/Actor_22/03-01-02-02-01-01-22.wav,22,calm,0
data/raw/ravdess/Actor_22/03-01-03-01-01-02-22.wav,22,happy,0
data/raw/ravdess/Actor_22/03-01-03-02-02-02-22.wav,22,happy,0
data/raw/ravdess/Actor_23/03-01-07-02-01-01-23.wav,23,disgust,1
data/raw/ravdess/Actor_23/03-01-04-02-01-02-23.wav,23,sad,0
data/raw/ravdess/Actor_23/03-01-04-01-02-02-23.wav,23,sad,0
data/raw/ravdess/Actor_23/03-01-07-01-02-01-23.wav,23,disgust,1
data/raw/ravdess/Actor_23/03-01-05-02-02-01-23.wav,23,angry,1
data/raw/ravdess/Actor_23/03-01-06-02-02-02-23.wav,23,fearful,1
data/raw/ravdess/Actor_23/03-01-06-01-01-02-23.wav,23,fearful,1
data/raw/ravdess/Actor_23/03-01-05-01-01-01-23.wav,23,angry,1
data/raw/ravdess/Actor_23/03-01-02-01-01-01-23.wav,23,calm,0
data/raw/ravdess/Actor_23/03-01-01-01-01-02-23.wav,23,neutral,0
data/raw/ravdess/Actor_23/03-01-02-02-02-01-23.wav,23,calm,0
data/raw/ravdess/Actor_23/03-01-03-01-02-02-23.wav,23,happy,0
data/raw/ravdess/Actor_23/03-01-03-02-01-02-23.wav,23,happy,0
data/raw/ravdess/Actor_23/03-01-01-01-02-01-23.wav,23,neutral,0
data/raw/ravdess/Actor_23/03-01-02-01-02-02-23.wav,23,calm,0
data/raw/ravdess/Actor_23/03-01-02-02-01-02-23.wav,23,calm,0
data/raw/ravdess/Actor_23/03-01-03-01-01-01-23.wav,23,happy,0
data/raw/ravdess/Actor_23/03-01-03-02-02-01-23.wav,23,happy,0
data/raw/ravdess/Actor_23/03-01-04-02-02-01-23.wav,23,sad,0
data/raw/ravdess/Actor_23/03-01-07-02-02-02-23.wav,23,disgust,1
data/raw/ravdess/Actor_23/03-01-07-01-01-02-23.wav,23,disgust,1
data/raw/ravdess/Actor_23/03-01-04-01-01-01-23.wav,23,sad,0
data/raw/ravdess/Actor_23/03-01-06-02-01-01-23.wav,23,fearful,1
data/raw/ravdess/Actor_23/03-01-05-02-01-02-23.wav,23,angry,1
data/raw/ravdess/Actor_23/03-01-05-01-02-02-23.wav,23,angry,1
data/raw/ravdess/Actor_23/03-01-06-01-02-01-23.wav,23,fearful,1
data/raw/ravdess/Actor_23/03-01-03-02-01-01-23.wav,23,happy,0
data/raw/ravdess/Actor_23/03-01-03-01-02-01-23.wav,23,happy,0
data/raw/ravdess/Actor_23/03-01-02-02-02-02-23.wav,23,calm,0
data/raw/ravdess/Actor_23/03-01-01-01-01-01-23.wav,23,neutral,0
data/raw/ravdess/Actor_23/03-01-02-01-01-02-23.wav,23,calm,0
data/raw/ravdess/Actor_23/03-01-05-01-01-02-23.wav,23,angry,1
data/raw/ravdess/Actor_23/03-01-06-01-01-01-23.wav,23,fearful,1
data/raw/ravdess/Actor_23/03-01-06-02-02-01-23.wav,23,fearful,1
data/raw/ravdess/Actor_23/03-01-05-02-02-02-23.wav,23,angry,1
data/raw/ravdess/Actor_23/03-01-07-01-02-02-23.wav,23,disgust,1
data/raw/ravdess/Actor_23/03-01-04-01-02-01-23.wav,23,sad,0
data/raw/ravdess/Actor_23/03-01-04-02-01-01-23.wav,23,sad,0
data/raw/ravdess/Actor_23/03-01-07-02-01-02-23.wav,23,disgust,1
data/raw/ravdess/Actor_23/03-01-06-01-02-02-23.wav,23,fearful,1
data/raw/ravdess/Actor_23/03-01-05-01-02-01-23.wav,23,angry,1
data/raw/ravdess/Actor_23/03-01-05-02-01-01-23.wav,23,angry,1
data/raw/ravdess/Actor_23/03-01-06-02-01-02-23.wav,23,fearful,1
data/raw/ravdess/Actor_23/03-01-04-01-01-02-23.wav,23,sad,0
data/raw/ravdess/Actor_23/03-01-07-01-01-01-23.wav,23,disgust,1
data/raw/ravdess/Actor_23/03-01-07-02-02-01-23.wav,23,disgust,1
data/raw/ravdess/Actor_23/03-01-04-02-02-02-23.wav,23,sad,0
data/raw/ravdess/Actor_23/03-01-03-02-02-02-23.wav,23,happy,0
data/raw/ravdess/Actor_23/03-01-03-01-01-02-23.wav,23,happy,0
data/raw/ravdess/Actor_23/03-01-02-02-01-01-23.wav,23,calm,0
data/raw/ravdess/Actor_23/03-01-02-01-02-01-23.wav,23,calm,0
data/raw/ravdess/Actor_23/03-01-01-01-02-02-23.wav,23,neutral,0
data/raw/ravdess/Actor_24/03-01-03-02-01-02-24.wav,24,happy,0
data/raw/ravdess/Actor_24/03-01-03-01-02-02-24.wav,24,happy,0
data/raw/ravdess/Actor_24/03-01-02-02-02-01-24.wav,24,calm,0
data/raw/ravdess/Actor_24/03-01-02-01-01-01-24.wav,24,calm,0
data/raw/ravdess/Actor_24/03-01-01-01-01-02-24.wav,24,neutral,0
data/raw/ravdess/Actor_24/03-01-06-01-01-02-24.wav,24,fearful,1
data/raw/ravdess/Actor_24/03-01-05-01-01-01-24.wav,24,angry,1
data/raw/ravdess/Actor_24/03-01-05-02-02-01-24.wav,24,angry,1
data/raw/ravdess/Actor_24/03-01-06-02-02-02-24.wav,24,fearful,1
data/raw/ravdess/Actor_24/03-01-04-01-02-02-24.wav,24,sad,0
data/raw/ravdess/Actor_24/03-01-07-01-02-01-24.wav,24,disgust,1
data/raw/ravdess/Actor_24/03-01-07-02-01-01-24.wav,24,disgust,1
data/raw/ravdess/Actor_24/03-01-04-02-01-02-24.wav,24,sad,0
data/raw/ravdess/Actor_24/03-01-05-01-02-02-24.wav,24,angry,1
data/raw/ravdess/Actor_24/03-01-06-01-02-01-24.wav,24,fearful,1
data/raw/ravdess/Actor_24/03-01-06-02-01-01-24.wav,24,fearful,1
data/raw/ravdess/Actor_24/03-01-05-02-01-02-24.wav,24,angry,1
data/raw/ravdess/Actor_24/03-01-07-01-01-02-24.wav,24,disgust,1
data/raw/ravdess/Actor_24/03-01-04-01-01-01-24.wav,24,sad,0
data/raw/ravdess/Actor_24/03-01-04-02-02-01-24.wav,24,sad,0
data/raw/ravdess/Actor_24/03-01-07-02-02-02-24.wav,24,disgust,1
data/raw/ravdess/Actor_24/03-01-03-02-02-01-24.wav,24,happy,0
data/raw/ravdess/Actor_24/03-01-03-01-01-01-24.wav,24,happy,0
data/raw/ravdess/Actor_24/03-01-02-02-01-02-24.wav,24,calm,0
data/raw/ravdess/Actor_24/03-01-01-01-02-01-24.wav,24,neutral,0
data/raw/ravdess/Actor_24/03-01-02-01-02-02-24.wav,24,calm,0
data/raw/ravdess/Actor_24/03-01-04-02-01-01-24.wav,24,sad,0
data/raw/ravdess/Actor_24/03-01-07-02-01-02-24.wav,24,disgust,1
data/raw/ravdess/Actor_24/03-01-07-01-02-02-24.wav,24,disgust,1
data/raw/ravdess/Actor_24/03-01-04-01-02-01-24.wav,24,sad,0
data/raw/ravdess/Actor_24/03-01-06-02-02-01-24.wav,24,fearful,1
data/raw/ravdess/Actor_24/03-01-05-02-02-02-24.wav,24,angry,1
data/raw/ravdess/Actor_24/03-01-05-01-01-02-24.wav,24,angry,1
data/raw/ravdess/Actor_24/03-01-06-01-01-01-24.wav,24,fearful,1
data/raw/ravdess/Actor_24/03-01-01-01-01-01-24.wav,24,neutral,0
data/raw/ravdess/Actor_24/03-01-02-01-01-02-24.wav,24,calm,0
data/raw/ravdess/Actor_24/03-01-02-02-02-02-24.wav,24,calm,0
data/raw/ravdess/Actor_24/03-01-03-01-02-01-24.wav,24,happy,0
data/raw/ravdess/Actor_24/03-01-03-02-01-01-24.wav,24,happy,0
data/raw/ravdess/Actor_24/03-01-02-01-02-01-24.wav,24,calm,0
data/raw/ravdess/Actor_24/03-01-01-01-02-02-24.wav,24,neutral,0
data/raw/ravdess/Actor_24/03-01-02-02-01-01-24.wav,24,calm,0
data/raw/ravdess/Actor_24/03-01-03-01-01-02-24.wav,24,happy,0
data/raw/ravdess/Actor_24/03-01-03-02-02-02-24.wav,24,happy,0
data/raw/ravdess/Actor_24/03-01-07-02-02-01-24.wav,24,disgust,1
data/raw/ravdess/Actor_24/03-01-04-02-02-02-24.wav,24,sad,0
data/raw/ravdess/Actor_24/03-01-04-01-01-02-24.wav,24,sad,0
data/raw/ravdess/Actor_24/03-01-07-01-01-01-24.wav,24,disgust,1
data/raw/ravdess/Actor_24/03-01-05-02-01-01-24.wav,24,angry,1
data/raw/ravdess/Actor_24/03-01-06-02-01-02-24.wav,24,fearful,1
data/raw/ravdess/Actor_24/03-01-06-01-02-02-24.wav,24,fearful,1
data/raw/ravdess/Actor_24/03-01-05-01-02-01-24.wav,24,angry,1
